Workbook

Sheet REKAP
B5: REKAP BILL OF QUANTITY
B6: PEKERJAAN | E6: : | F6: MODIFIKASI PIPA ARA METER 31 & PENERIMAAN LPG
B7: LOKASI | E7: : | F7: IT CILACAP
B8: PROJECT OWNER | E8: : | F8: RPD REGION JBT
B10: NO | C10: URAIAN PEKERJAAN | J10: HARGA TOTAL
J11: (Rp)
J12: MATERIAL | K12: UPAH
B13: I | C13: =BoQ!C14 -> PEKERJAAN PERSIAPAN DAN PERALATAN KERJA | J13: =BoQ!K25 -> 0 | K13: =BoQ!L25 -> 37669562
B14: II | C14: =BoQ!C26 -> PEKERJAAN ENGINEERING DAN PROJECT MANAGEMENT | J14: =BoQ!K39 -> 0 | K14: =BoQ!L39 -> 42902460
B15: III | C15: =BoQ!C40 -> PERBAIKAN AREA METER 39 DAN MODIFIKASI PIPA AREA KILANG PERTAMINA | J15: =BoQ!K157 -> 2.9168835e+09 | K15: =BoQ!L157 -> 1.1898724e+08
B16: IV | C16: =BoQ!C159 -> PEKERJAAN PEMBUATAN PLATFORM | J16: =BoQ!K169 -> 36785959 | K16: =BoQ!L169 -> 21627778
B17: V | C17: =BoQ!C170 -> PEKERJAAN COATING | J17: =BoQ!K178 -> 1688557.7 | K17: =BoQ!L178 -> 1654265.5
B18: VI | C18: =BoQ!C179 -> PEKERJAAN TESTING DAN FINISHING | J18: =BoQ!K187 -> 0 | K18: =BoQ!L187 -> 76806843
H20: Sub Jumlah I s/d XI | J20: =SUM(J13:J19) -> 2.955358e+09 | K20: =SUM(K13:K19) -> 2.9964815e+08
H21: Jumlah Material & Jasa | K21: =K20+J20 -> 3.2550062e+09
H22: Keuntungan & Resiko Pemborong 8% | K22: =K21*8% -> 2.6040049e+08
H23: Total | K23: =ROUNDDOWN((K22+K21),-3) -> 3515406000
H24: Terbilang
C26: Exc. PPN 12%
C28: Jakarta,
C29: Diajukan : | J29: Disetujui :
C30: PT. PERTAMINA MAINTENANCE AND CONSTRUCTION | J30: PT. PERTAMINA PATRA NIAGA
C31: Project Manager | J31: Region Manager RPD JBT
C40: RIKKI ANDARFIYAN SAPUTRA | J40: M. IRSAN

Sheet BoQ
B5: BILL OF QUANTITY (BoQ) JASA & MATERIAL SUPPORT
B7: Pekerjaan | E7: : | F7: =REKAP!F6 -> MODIFIKASI PIPA ARA METER 31 & PENERIMAAN LPG
B8: Lokasi | E8: : | F8: =REKAP!F7 -> IT CILACAP
B9: Project Owner | E9: : | F9: =REKAP!F8 -> RPD REGION JBT
B11: No. | C11: URAIAN PEKERJAAN | G11: VOLUME | I11: HARGA SATUAN | K11: JUMLAH HARGA
I12: (Rp) | K12: (Rp)
I13: MATERIAL | J13: JASA | K13: MATERIAL | L13: JASA
B14: I | C14: PEKERJAAN PERSIAPAN DAN PERALATAN KERJA
B15: 1 | C15: PEKERJAAN PERSIAPAN
C16: 1.1 | D16: =link!C20 -> Mobilisasi dan Demobilisasi Pekerja dari Semarang ke FT Lomanis/IT Cilacap | G16: =analisa!P11 -> 12 | H16: =VLOOKUP($D16,link!$C$15:$R$2004,14,0) -> Trip.org | I16: =VLOOKUP($D16,link!$C$15:$R$2004,15,0) -> 0 | J16: =VLOOKUP($D16,link!$C$15:$R$2004,16,0) -> 301400 | K16: =G16*I16 -> 0 | L16: =G16*J16 -> 3616800
C17: 1.2 | D17: =link!C40 -> Mobilisasi Material dan Peralatan dengan Truck dari Semarang ke FT Lomanis/IT Cilacap | G17: =analisa!P12 -> 2 | H17: =VLOOKUP($D17,link!$C$15:$R$2004,14,0) -> Trip | I17: =VLOOKUP($D17,link!$C$15:$R$2004,15,0) -> 0 | J17: =VLOOKUP($D17,link!$C$15:$R$2004,16,0) -> 3160860 | K17: =G17*I17 -> 0 | L17: =G17*J17 -> 6321720
C18: 1.3 | D18: =link!C60 -> Mobilisasi Material dan Peralatan dengan Truck dari Luar Jateng & DIY ke FT Lomanis/IT Cilacap | G18: =analisa!P13 -> 1 | H18: =VLOOKUP($D18,link!$C$15:$R$2004,14,0) -> Trip | I18: =VLOOKUP($D18,link!$C$15:$R$2004,15,0) -> 0 | J18: =VLOOKUP($D18,link!$C$15:$R$2004,16,0) -> 5335330 | K18: =G18*I18 -> 0 | L18: =G18*J18 -> 5335330
B19: 2 | C19: PENYEDIAAN PERALATAN KERJA DAN SARFAS HSSE UNTUK KONTRUKSI
C20: 2.1 | D20: =link!C84 -> Sewa Gas Tester | G20: =analisa!P16 -> 14 | H20: =VLOOKUP($D20,link!$C$15:$R$2004,14,0) -> UD | I20: =VLOOKUP($D20,link!$C$15:$R$2004,15,0) -> 0 | J20: =VLOOKUP($D20,link!$C$15:$R$2004,16,0) -> 135680 | K20: =G20*I20 -> 0 | L20: =G20*J20 -> 1899520
C21: 2.2 | D21: =link!C93 -> Sewa Apar Powder 9 Kg | G21: =analisa!P17 -> 28 | H21: =VLOOKUP($D21,link!$C$15:$R$2004,14,0) -> UD | I21: =VLOOKUP($D21,link!$C$15:$R$2004,15,0) -> 0 | J21: =VLOOKUP($D21,link!$C$15:$R$2004,16,0) -> 4864 | K21: =G21*I21 -> 0 | L21: =G21*J21 -> 136192
B22: 3 | C22: =link!C107 -> Sewa Peralatan Pendukung Perbaikan & Perawatan
C23: 3.1 | D23: =link!C110 -> Crane 5 Ton inc BBM diluar Operator | G23: =analisa!P19 -> 4 | H23: =VLOOKUP($D23,link!$C$15:$R$2004,14,0) -> UD | I23: =VLOOKUP($D23,link!$C$15:$R$2004,15,0) -> 0 | J23: =VLOOKUP($D23,link!$C$15:$R$2004,16,0) -> 5000000 | K23: =G23*I23 -> 0 | L23: =G23*J23 -> 20000000
C24: 3.2 | D24: =link!C113 -> Sewa Scafolding tubular pipe incld. platform pijakan include Scaffolder (1,7 m x 1,7m) | G24: =analisa!P20 -> 2 | H24: =VLOOKUP($D24,link!$C$15:$R$2004,14,0) -> Set/Month | I24: =VLOOKUP($D24,link!$C$15:$R$2004,15,0) -> 0 | J24: =VLOOKUP($D24,link!$C$15:$R$2004,16,0) -> 180000 | K24: =G24*I24 -> 0 | L24: =G24*J24 -> 360000
K25: =SUM(K16:K24) -> 0 | L25: =SUM(L16:L24) -> 37669562
B26: II | C26: ='[1]analisa T.4'!$B$25 -> PEKERJAAN ENGINEERING DAN PROJECT MANAGEMENT
B27: 1 | C27: ='[1]analisa T.4'!$B$26 -> PROJECT MANAGEMENT
C28: 1.1 | D28: =link!C123 -> Safetyman | G28: =analisa!P24 -> 44 | H28: =VLOOKUP($D28,link!$C$15:$R$2004,14,0) -> MD | I28: =VLOOKUP($D28,link!$C$15:$R$2004,15,0) -> 0 | J28: =VLOOKUP($D28,link!$C$15:$R$2004,16,0) -> 487330 | K28: =G28*I28 -> 0 | L28: =G28*J28 -> 21442520
C29: 1.2 | D29: =link!C131 -> Rigger | G29: =analisa!P25 -> 14 | H29: =VLOOKUP($D29,link!$C$15:$R$2004,14,0) -> MD | I29: =VLOOKUP($D29,link!$C$15:$R$2004,15,0) -> 0 | J29: =VLOOKUP($D29,link!$C$15:$R$2004,16,0) -> 232270 | K29: =G29*I29 -> 0 | L29: =G29*J29 -> 3251780
C30: 1.3 | D30: =link!C132 -> Operator alat berat | G30: =analisa!P26 -> 14 | H30: =VLOOKUP($D30,link!$C$15:$R$2004,14,0) -> MD | I30: =VLOOKUP($D30,link!$C$15:$R$2004,15,0) -> 0 | J30: =VLOOKUP($D30,link!$C$15:$R$2004,16,0) -> 232270 | K30: =G30*I30 -> 0 | L30: =G30*J30 -> 3251780
B31: 2 | C31: =link!C139 -> Pemenuhan Dokumen Project & Engineering | G31: =analisa!P30 -> 0
C32: 2.1 | D32: =link!C140 -> Shop Drawing & Asbuilt Drawing (1 set/project) | G32: =analisa!P31 -> 1 | H32: =VLOOKUP($D32,link!$C$15:$R$2004,14,0) -> Set | I32: =VLOOKUP($D32,link!$C$15:$R$2004,15,0) -> 0 | J32: =VLOOKUP($D32,link!$C$15:$R$2004,16,0) -> 1500000 | K32: =G32*I32 -> 0 | L32: =G32*J32 -> 1500000
C33: 2.2 | D33: =link!C142 -> Spesifikasi / Approval Material (1 set/project) | G33: =analisa!P32 -> 1 | H33: =VLOOKUP($D33,link!$C$15:$R$2004,14,0) -> Set | I33: =VLOOKUP($D33,link!$C$15:$R$2004,15,0) -> 0 | J33: =VLOOKUP($D33,link!$C$15:$R$2004,16,0) -> 750000 | K33: =G33*I33 -> 0 | L33: =G33*J33 -> 750000
C34: 2.3 | D34: =link!C143 -> Laporan Teknis dan HSSE Bulanan (1 set/project) | G34: =analisa!P33 -> 1 | H34: =VLOOKUP($D34,link!$C$15:$R$2004,14,0) -> Set | I34: =VLOOKUP($D34,link!$C$15:$R$2004,15,0) -> 0 | J34: =VLOOKUP($D34,link!$C$15:$R$2004,16,0) -> 1500000 | K34: =G34*I34 -> 0 | L34: =G34*J34 -> 1500000
C35: 2.4 | D35: ='master jasa'!C143 -> WPQT include report | G35: =analisa!P34 -> 1 | H35: =VLOOKUP($D35,link!$C$15:$R$2004,14,0) -> Welder | I35: =VLOOKUP($D35,link!$C$15:$R$2004,15,0) -> 0 | J35: =VLOOKUP($D35,link!$C$15:$R$2004,16,0) -> 7785660 | K35: =G35*I35 -> 0 | L35: =G35*J35 -> 7785660
C36: 2.5 | D36: ='master jasa'!C145 -> Inspection Report | G36: =analisa!P35 -> 1 | H36: =VLOOKUP($D36,link!$C$15:$R$2004,14,0) -> Set | I36: =VLOOKUP($D36,link!$C$15:$R$2004,15,0) -> 0 | J36: =VLOOKUP($D36,link!$C$15:$R$2004,16,0) -> 750000 | K36: =G36*I36 -> 0 | L36: =G36*J36 -> 750000
C37: 2.6 | D37: ='master jasa'!C144 -> MCU personil | G37: =analisa!P36 -> 6 | H37: =VLOOKUP($D37,link!$C$15:$R$2004,14,0) -> org | I37: =VLOOKUP($D37,link!$C$15:$R$2004,15,0) -> 0 | J37: =VLOOKUP($D37,link!$C$15:$R$2004,16,0) -> 445120 | K37: =G37*I37 -> 0 | L37: =G37*J37 -> 2670720
F39: SUB-TOTAL II | K39: =SUM(K28:K37) -> 0 | L39: =SUM(L28:L37) -> 42902460
B40: III | C40: PERBAIKAN AREA METER 39 DAN MODIFIKASI PIPA AREA KILANG PERTAMINA
B41: 1 | C41: MODIFIKASI AREA PENERIMAAN (LPG)
C42: 1.1 | D42: ='master material'!C60 -> Pipa API 5L grade B Ø 10" Sch. 40 | G42: =analisa!P40 -> 9.654 | H42: =VLOOKUP($D42,link!$C$15:$R$2004,14,0) -> m | I42: =VLOOKUP($D42,link!$C$15:$R$2004,15,0) -> 2134130 | J42: =VLOOKUP($D42,link!$C$15:$R$2004,16,0) -> 0 | K42: =G42*I42 -> 20602891 | L42: =G42*J42 -> 0
C43: 1.2 | D43: ='master material'!C54 -> Pipa API 5L grade B Ø 2" Sch. 40 | G43: =analisa!P42 -> 0.116 | H43: =VLOOKUP($D43,link!$C$15:$R$2004,14,0) -> m | I43: =VLOOKUP($D43,link!$C$15:$R$2004,15,0) -> 188610 | J43: =VLOOKUP($D43,link!$C$15:$R$2004,16,0) -> 0 | K43: =G43*I43 -> 21878.76 | L43: =G43*J43 -> 0
C44: 1.3 | D44: ='master material'!C192 -> Elbow 90° schd. 40, 10" | G44: =analisa!P45 -> 2 | H44: =VLOOKUP($D44,link!$C$15:$R$2004,14,0) -> pc | I44: =VLOOKUP($D44,link!$C$15:$R$2004,15,0) -> 4113700 | J44: =VLOOKUP($D44,link!$C$15:$R$2004,16,0) -> 0 | K44: =G44*I44 -> 8227400 | L44: =G44*J44 -> 0
C45: 1.4 | D45: ='master material'!C228 -> Tee schd. 40, 10" | G45: =analisa!P46 -> 2 | H45: =VLOOKUP($D45,link!$C$15:$R$2004,14,0) -> pc | I45: =VLOOKUP($D45,link!$C$15:$R$2004,15,0) -> 5067740 | J45: =VLOOKUP($D45,link!$C$15:$R$2004,16,0) -> 0 | K45: =G45*I45 -> 10135480 | L45: =G45*J45 -> 0
C46: 1.5 | D46: ='master material'!C364 -> Weld Neck Flange #300, 10" | G46: =analisa!P47 -> 6 | H46: =VLOOKUP($D46,link!$C$15:$R$2004,14,0) -> pc | I46: =VLOOKUP($D46,link!$C$15:$R$2004,15,0) -> 3725000 | J46: =VLOOKUP($D46,link!$C$15:$R$2004,16,0) -> 0 | K46: =G46*I46 -> 22350000 | L46: =G46*J46 -> 0
C47: 1.6 | D47: ='master material'!C348 -> Weld Neck Flange #150, 10" | G47: =analisa!P48 -> 3 | H47: =VLOOKUP($D47,link!$C$15:$R$2004,14,0) -> pc | I47: =VLOOKUP($D47,link!$C$15:$R$2004,15,0) -> 2944760 | J47: =VLOOKUP($D47,link!$C$15:$R$2004,16,0) -> 0 | K47: =G47*I47 -> 8834280 | L47: =G47*J47 -> 0
C48: 1.7 | D48: ='master material'!C342 -> Weld Neck Flange #150, 1" | G48: =analisa!P49 -> 2 | H48: =VLOOKUP($D48,link!$C$15:$R$2004,14,0) -> pc | I48: =VLOOKUP($D48,link!$C$15:$R$2004,15,0) -> 232330 | J48: =VLOOKUP($D48,link!$C$15:$R$2004,16,0) -> 0 | K48: =G48*I48 -> 464660 | L48: =G48*J48 -> 0
C49: 1.8 | D49: ='master material'!C340 -> Weld Neck Flange #150, 1/2" | G49: =analisa!P50 -> 2 | H49: =VLOOKUP($D49,link!$C$15:$R$2004,14,0) -> pc | I49: =VLOOKUP($D49,link!$C$15:$R$2004,15,0) -> 169070 | J49: =VLOOKUP($D49,link!$C$15:$R$2004,16,0) -> 0 | K49: =G49*I49 -> 338140 | L49: =G49*J49 -> 0
C50: 1.9 | D50: ='master material'!C645 -> BALL VALVES #300 A-216 WCB, Trunnion Mounted | K50: =G50*I50 -> 0 | L50: =G50*J50 -> 0
D51: 1.9.1 | E51: ='master material'!C652 -> Ball valves #300, 10" | G51: =analisa!P52 -> 3 | H51: =VLOOKUP($E51,link!$C$15:$R$2004,14,0) -> pc | I51: =VLOOKUP($E51,link!$C$15:$R$2004,15,0) -> 356736200 | J51: =VLOOKUP($E51,link!$C$15:$R$2004,16,0) -> 0 | K51: =G51*I51 -> 1070208600 | L51: =G51*J51 -> 0
D52: 1.9.2 | E52: ='master material'!C531 -> Ball valves #150, 10" | G52: =analisa!P53 -> 2 | H52: =VLOOKUP($E52,link!$C$15:$R$2004,14,0) -> pc | I52: =VLOOKUP($E52,link!$C$15:$R$2004,15,0) -> 246569170 | J52: =VLOOKUP($E52,link!$C$15:$R$2004,16,0) -> 0 | K52: =G52*I52 -> 493138340 | L52: =G52*J52 -> 0
D53: 1.9.3 | E53: ='master material'!C515 -> Ball valves #150, 1" | G53: =analisa!P54 -> 1 | H53: =VLOOKUP($E53,link!$C$15:$R$2004,14,0) -> pc | I53: =VLOOKUP($E53,link!$C$15:$R$2004,15,0) -> 4728410 | J53: =VLOOKUP($E53,link!$C$15:$R$2004,16,0) -> 0 | K53: =G53*I53 -> 4728410 | L53: =G53*J53 -> 0
D54: 1.9.4 | E54: ='master material'!C514 -> Ball valves #150, 1/2" | G54: =analisa!P55 -> 1 | H54: =VLOOKUP($E54,link!$C$15:$R$2004,14,0) -> pc | I54: =VLOOKUP($E54,link!$C$15:$R$2004,15,0) -> 3417680 | J54: =VLOOKUP($E54,link!$C$15:$R$2004,16,0) -> 0 | K54: =G54*I54 -> 3417680 | L54: =G54*J54 -> 0
C55: 1.10 | D55: ='master material'!C735 -> Gasket Spiral Wound #300 SS316L 10" | G55: =analisa!P56 -> 8 | H55: =VLOOKUP($D55,link!$C$15:$R$2004,14,0) -> pc | I55: =VLOOKUP($D55,link!$C$15:$R$2004,15,0) -> 346660 | J55: =VLOOKUP($D55,link!$C$15:$R$2004,16,0) -> 0 | K55: =G55*I55 -> 2773280 | L55: =G55*J55 -> 0
C56: 1.11 | D56: ='master material'!C716 -> Gasket Spiral Wound #150 SS316L 10" | G56: =analisa!P57 -> 5 | H56: =VLOOKUP($D56,link!$C$15:$R$2004,14,0) -> pc | I56: =VLOOKUP($D56,link!$C$15:$R$2004,15,0) -> 474860 | J56: =VLOOKUP($D56,link!$C$15:$R$2004,16,0) -> 0 | K56: =G56*I56 -> 2374300 | L56: =G56*J56 -> 0
C57: 1.12 | D57: ='master material'!C709 -> Gasket Spiral Wound #150 SS316L 1" | G57: =analisa!P58 -> 2 | H57: =VLOOKUP($D57,link!$C$15:$R$2004,14,0) -> pc | I57: =VLOOKUP($D57,link!$C$15:$R$2004,15,0) -> 70460 | J57: =VLOOKUP($D57,link!$C$15:$R$2004,16,0) -> 0 | K57: =G57*I57 -> 140920 | L57: =G57*J57 -> 0
C58: 1.13 | D58: ='master material'!C707 -> Gasket Spiral Wound #150 SS316L 1/2" | G58: =analisa!P59 -> 2 | H58: =VLOOKUP($D58,link!$C$15:$R$2004,14,0) -> pc | I58: =VLOOKUP($D58,link!$C$15:$R$2004,15,0) -> 39830 | J58: =VLOOKUP($D58,link!$C$15:$R$2004,16,0) -> 0 | K58: =G58*I58 -> 79660 | L58: =G58*J58 -> 0
C59: 1.14 | D59: ='master material'!C776 -> Stud Bolt C/W 2 NUT, ASTM A193 Gr. B7 / ASTM A194 Gr. 2H 1" X 6" HITAM | G59: =analisa!P60 -> 8 | H59: =VLOOKUP($D59,link!$C$15:$R$2004,14,0) -> pc | I59: =VLOOKUP($D59,link!$C$15:$R$2004,15,0) -> 310000 | J59: =VLOOKUP($D59,link!$C$15:$R$2004,16,0) -> 0 | K59: =G59*I59 -> 2480000 | L59: =G59*J59 -> 0
C60: 1.15 | D60: ='master material'!C760 -> Stud Bolt C/W 2 NUT, ASTM A193 Gr. B7 / ASTM A194Gr. 2H 1-1/8" X 6" HITAM | G60: =analisa!P61 -> 5 | H60: =VLOOKUP($D60,link!$C$15:$R$2004,14,0) -> pc | I60: =VLOOKUP($D60,link!$C$15:$R$2004,15,0) -> 298990 | J60: =VLOOKUP($D60,link!$C$15:$R$2004,16,0) -> 0 | K60: =G60*I60 -> 1494950 | L60: =G60*J60 -> 0
C61: 1.16 | D61: ='master material'!C749 -> Stud Bolt C/W 2 NUT, ASTM A193 Gr. B7 / ASTM A194Gr. 2H 1/2" X 2-1/2" HITAM | G61: =analisa!P62 -> 2 | H61: =VLOOKUP($D61,link!$C$15:$R$2004,14,0) -> pc | I61: =VLOOKUP($D61,link!$C$15:$R$2004,15,0) -> 28600 | J61: =VLOOKUP($D61,link!$C$15:$R$2004,16,0) -> 0 | K61: =G61*I61 -> 57200 | L61: =G61*J61 -> 0
C62: 1.17 | D62: ='master material'!C748 -> Stud Bolt C/W 2 NUT, ASTM A193 Gr. B7 / ASTM A194 Gr. 2H 1/2" X 2-1/4" HITAM | G62: =analisa!P63 -> 2 | H62: =VLOOKUP($D62,link!$C$15:$R$2004,14,0) -> pc | I62: =VLOOKUP($D62,link!$C$15:$R$2004,15,0) -> 22390 | J62: =VLOOKUP($D62,link!$C$15:$R$2004,16,0) -> 0 | K62: =G62*I62 -> 44780 | L62: =G62*J62 -> 0
C63: 1.18 | D63: ='master material'!C451 -> Sockolet Sch 40 | K63: =G63*I63 -> 0 | L63: =G63*J63 -> 0
D64: 1.18.1 | E64: ='master material'!C457 -> Size Ø 1/2" x 10 | G64: =analisa!P65 -> 1 | H64: =VLOOKUP($E64,link!$C$15:$R$2004,14,0) -> pc | I64: =VLOOKUP($E64,link!$C$15:$R$2004,15,0) -> 66665 | J64: =VLOOKUP($E64,link!$C$15:$R$2004,16,0) -> 0 | K64: =G64*I64 -> 66665 | L64: =G64*J64 -> 0
D65: 1.18.2 | E65: ='master material'!C479 -> Size Ø 1" x 10 | G65: =analisa!P66 -> 1 | H65: =VLOOKUP($E65,link!$C$15:$R$2004,14,0) -> pc | I65: =VLOOKUP($E65,link!$C$15:$R$2004,15,0) -> 76000 | J65: =VLOOKUP($E65,link!$C$15:$R$2004,16,0) -> 0 | K65: =G65*I65 -> 76000 | L65: =G65*J65 -> 0
C66: 1.19 | D66: ='master jasa'!C544 -> Handling / Stringing and Aligning pipa ø10" | G66: =analisa!P67 -> 4 | H66: =VLOOKUP($D66,link!$C$15:$R$2004,14,0) -> Joint | I66: =VLOOKUP($D66,link!$C$15:$R$2004,15,0) -> 0 | J66: =VLOOKUP($D66,link!$C$15:$R$2004,16,0) -> 172170 | K66: =G66*I66 -> 0 | L66: =G66*J66 -> 688680
C67: 1.20 | D67: ='master jasa'!C557 -> Pengangkutan hasil bongkaran Pipa ø10" | G67: =analisa!P68 -> 10 | H67: =VLOOKUP($D67,link!$C$15:$R$2004,14,0) -> m | I67: =VLOOKUP($D67,link!$C$15:$R$2004,15,0) -> 0 | J67: =VLOOKUP($D67,link!$C$15:$R$2004,16,0) -> 86080 | K67: =G67*I67 -> 0 | L67: =G67*J67 -> 860800
C68: 1.21 | D68: ='master jasa'!C616 -> Pengelasan Welded Neck Flange #300 | K68: =G68*I68 -> 0 | L68: =G68*J68 -> 0
D69: 1.21.1 | E69: ='master jasa'!C622 -> Flange ø10" #300 | G69: =analisa!P70 -> 8 | H69: =VLOOKUP($E69,link!$C$15:$R$2004,14,0) -> Set-Joint | I69: =VLOOKUP($E69,link!$C$15:$R$2004,15,0) -> 0 | J69: =VLOOKUP($E69,link!$C$15:$R$2004,16,0) -> 726990 | K69: =G69*I69 -> 0 | L69: =G69*J69 -> 5815920
D70: 1.21.2 | E70: ='master jasa'!C609 -> Flange ø10" #150 | G70: =analisa!P71 -> 5 | H70: =VLOOKUP($E70,link!$C$15:$R$2004,14,0) -> Set-Joint | I70: =VLOOKUP($E70,link!$C$15:$R$2004,15,0) -> 0 | J70: =VLOOKUP($E70,link!$C$15:$R$2004,16,0) -> 665770 | K70: =G70*I70 -> 0 | L70: =G70*J70 -> 3328850
D71: 1.21.3 | E71: ='master jasa'!C604 -> Flange ø2" #150 dan dibawahnya | G71: =analisa!P72 -> 4 | H71: =VLOOKUP($E71,link!$C$15:$R$2004,14,0) -> Set-Joint | I71: =VLOOKUP($E71,link!$C$15:$R$2004,15,0) -> 0 | J71: =VLOOKUP($E71,link!$C$15:$R$2004,16,0) -> 158720 | K71: =G71*I71 -> 0 | L71: =G71*J71 -> 634880
C72: 1.22 | D72: ='master jasa'!C642 -> Pekerjaan Bolting-ups Flange #300 | K72: =G72*I72 -> 0 | L72: =G72*J72 -> 0
D73: 1.22.1 | E73: ='master jasa'!C648 -> Flange ø10" #300 | G73: =analisa!P74 -> 8 | H73: =VLOOKUP($E73,link!$C$15:$R$2004,14,0) -> Set-Joint | I73: =VLOOKUP($E73,link!$C$15:$R$2004,15,0) -> 0 | J73: =VLOOKUP($E73,link!$C$15:$R$2004,16,0) -> 726990 | K73: =G73*I73 -> 0 | L73: =G73*J73 -> 5815920
D74: 1.22.2 | E74: ='master jasa'!C635 -> Flange ø10" #150 | G74: =analisa!P75 -> 5 | H74: =VLOOKUP($E74,link!$C$15:$R$2004,14,0) -> Set-Joint | I74: =VLOOKUP($E74,link!$C$15:$R$2004,15,0) -> 0 | J74: =VLOOKUP($E74,link!$C$15:$R$2004,16,0) -> 665770 | K74: =G74*I74 -> 0 | L74: =G74*J74 -> 3328850
D75: 1.22.3 | E75: ='master jasa'!C630 -> Flange ø2" #150 dan dibawahnya | G75: =analisa!P76 -> 4 | H75: =VLOOKUP($E75,link!$C$15:$R$2004,14,0) -> Set-Joint | I75: =VLOOKUP($E75,link!$C$15:$R$2004,15,0) -> 0 | J75: =VLOOKUP($E75,link!$C$15:$R$2004,16,0) -> 158720 | K75: =G75*I75 -> 0 | L75: =G75*J75 -> 634880
C76: 1.23 | D76: ='master jasa'!C655 -> Pekerjaan Unbolting Flange #150 | K76: =G76*I76 -> 0 | L76: =G76*J76 -> 0
D77: 1.23.1 | E77: ='master jasa'!C661 -> Flange ø10" #150 | G77: =analisa!P78 -> 9 | H77: =VLOOKUP($E77,link!$C$15:$R$2004,14,0) -> Set-Joint | I77: =VLOOKUP($E77,link!$C$15:$R$2004,15,0) -> 0 | J77: =VLOOKUP($E77,link!$C$15:$R$2004,16,0) -> 665770 | K77: =G77*I77 -> 0 | L77: =G77*J77 -> 5991930
D78: 1.23.2 | E78: ='master jasa'!C656 -> Flange ø2" #150 dan dibawahnya | G78: =analisa!P79 -> 4 | H78: =VLOOKUP($E78,link!$C$15:$R$2004,14,0) -> Set-Joint | I78: =VLOOKUP($E78,link!$C$15:$R$2004,15,0) -> 0 | J78: =VLOOKUP($E78,link!$C$15:$R$2004,16,0) -> 158720 | K78: =G78*I78 -> 0 | L78: =G78*J78 -> 634880
C79: 1.24 | D79: ='master jasa'!C668 -> Pekerjaan Unbolting Flange #300 | K79: =G79*I79 -> 0 | L79: =G79*J79 -> 0
D80: 1.24.1 | E80: ='master jasa'!C673 -> Flange ø8" #300 | G80: =analisa!P81 -> 2 | H80: =VLOOKUP($E80,link!$C$15:$R$2004,14,0) -> Set-Joint | I80: =VLOOKUP($E80,link!$C$15:$R$2004,15,0) -> 0 | J80: =VLOOKUP($E80,link!$C$15:$R$2004,16,0) -> 555110 | K80: =G80*I80 -> 0 | L80: =G80*J80 -> 1110220
D81: 1.24.2 | E81: ='master jasa'!C674 -> Flange ø10" #300 | G81: =analisa!P82 -> 2 | H81: =VLOOKUP($E81,link!$C$15:$R$2004,14,0) -> Set-Joint | I81: =VLOOKUP($E81,link!$C$15:$R$2004,15,0) -> 0 | J81: =VLOOKUP($E81,link!$C$15:$R$2004,16,0) -> 726990 | K81: =G81*I81 -> 0 | L81: =G81*J81 -> 1453980
C82: 1.25 | D82: ='master jasa'!C713 -> Penyetelan dan Pengelasan Elbow 90 ø10" | G82: =analisa!P81 -> 2 | H82: =VLOOKUP($D82,link!$C$15:$R$2004,14,0) -> Set-Joint | I82: =VLOOKUP($D82,link!$C$15:$R$2004,15,0) -> 0 | J82: =VLOOKUP($D82,link!$C$15:$R$2004,16,0) -> 2430980 | K82: =G82*I82 -> 0 | L82: =G82*J82 -> 4861960
C83: 1.26 | D83: ='master jasa'!C726 -> Penyetelan dan Pengelasan Tee Equal ø10" | G83: =analisa!P82 -> 2 | H83: =VLOOKUP($D83,link!$C$15:$R$2004,14,0) -> Set-Joint | I83: =VLOOKUP($D83,link!$C$15:$R$2004,15,0) -> 0 | J83: =VLOOKUP($D83,link!$C$15:$R$2004,16,0) -> 3649770 | K83: =G83*I83 -> 0 | L83: =G83*J83 -> 7299540
C84: 1.27 | D84: ='master jasa'!C770 -> Pembongkaran 2 Flange Accessories #150 (GV, BV, Check Valve, Flexible Pipe, Spool etc) | K84: =G84*I84 -> 0 | L84: =G84*J84 -> 0
D85: 1.27.1 | E85: ='master jasa'!C776 -> Pembongkaran 2 Flange Accessories ø10" | G85: =analisa!P86 -> 4 | H85: =VLOOKUP($E85,link!$C$15:$R$2004,14,0) -> Unit | I85: =VLOOKUP($E85,link!$C$15:$R$2004,15,0) -> 0 | J85: =VLOOKUP($E85,link!$C$15:$R$2004,16,0) -> 122740 | K85: =G85*I85 -> 0 | L85: =G85*J85 -> 490960
C86: 1.28 | D86: ='master jasa'!C783 -> Penyetelan dan Pemasangan 2 Flange Accessories #300 (GV, BV, Check Valve, Flexible Pipe, Spool etc) | K86: =G86*I86 -> 0 | L86: =G86*J86 -> 0
D87: 1.28.1 | E87: ='master jasa'!C789 -> Penyetelan dan Pemasangan 2 Flange Accessories ø10" | G87: =analisa!P86 -> 4 | H87: =VLOOKUP($E87,link!$C$15:$R$2004,14,0) -> Unit | I87: =VLOOKUP($E87,link!$C$15:$R$2004,15,0) -> 0 | J87: =VLOOKUP($E87,link!$C$15:$R$2004,16,0) -> 431700 | K87: =G87*I87 -> 0 | L87: =G87*J87 -> 1726800
C88: 1.29 | D88: ='master jasa'!C457 -> Coating External Pipe, 3 layer total DFT 250 Micron menggunakan Roller Brush | K88: =G88*I88 -> 0 | L88: =G88*J88 -> 0
D89: 1.29.1 | E89: ='master jasa'!C458 -> Primer Coat (Anti corrosion surface tolerant epoxy + thinner) DFT 100 micron | G89: =analisa!P94 -> 15.705437 | H89: =VLOOKUP($E89,link!$C$15:$R$2004,14,0) -> m2 | I89: =VLOOKUP($E89,link!$C$15:$R$2004,15,0) -> 38420 | J89: =VLOOKUP($E89,link!$C$15:$R$2004,16,0) -> 31517 | K89: =G89*I89 -> 603402.9 | L89: =G89*J89 -> 494988.27
D90: 1.29.2 | E90: ='master jasa'!C459 -> Intermediate Coat (High Build – High Solid Epoxy + thinner) DFT 100 micron | G90: =analisa!P95 -> 15.705437 | H90: =VLOOKUP($E90,link!$C$15:$R$2004,14,0) -> m2 | I90: =VLOOKUP($E90,link!$C$15:$R$2004,15,0) -> 27490 | J90: =VLOOKUP($E90,link!$C$15:$R$2004,16,0) -> 31517 | K90: =G90*I90 -> 431742.47 | L90: =G90*J90 -> 494988.27
D91: 1.29.3 | E91: ='master jasa'!C460 -> Finish Coat (Polyurethane + thinner) DFT 50 micron | G91: =analisa!P96 -> 15.705437 | H91: =VLOOKUP($E91,link!$C$15:$R$2004,14,0) -> m2 | I91: =VLOOKUP($E91,link!$C$15:$R$2004,15,0) -> 30601 | J91: =VLOOKUP($E91,link!$C$15:$R$2004,16,0) -> 31517 | K91: =G91*I91 -> 480602.09 | L91: =G91*J91 -> 494988.27
B92: 2 | C92: MODIFIKASI PIPA AREA METER 39 | K92: =G92*I92 -> 0 | L92: =G92*J92 -> 0
C93: 2.1 | D93: ='master material'!C58 -> Pipa API 5L grade B Ø 6" Sch. 40 | G93: =analisa!P98 -> 10.133 | H93: =VLOOKUP($D93,link!$C$15:$R$2004,14,0) -> m | I93: =VLOOKUP($D93,link!$C$15:$R$2004,15,0) -> 995160 | J93: =VLOOKUP($D93,link!$C$15:$R$2004,16,0) -> 0 | K93: =G93*I93 -> 10083956 | L93: =G93*J93 -> 0
C94: 2.2 | D94: ='master material'!C60 -> Pipa API 5L grade B Ø 10" Sch. 40 | G94: =analisa!P99 -> 12.298 | H94: =VLOOKUP($D94,link!$C$15:$R$2004,14,0) -> m | I94: =VLOOKUP($D94,link!$C$15:$R$2004,15,0) -> 2134130 | J94: =VLOOKUP($D94,link!$C$15:$R$2004,16,0) -> 0 | K94: =G94*I94 -> 26245531 | L94: =G94*J94 -> 0
C95: 2.3 | D95: ='master material'!C68 -> Pipa ASTM A53 Grade B Ø 1" Sch. 40 | G95: =analisa!P100 -> 0.02 | H95: =VLOOKUP($D95,link!$C$15:$R$2004,14,0) -> m | I95: =VLOOKUP($D95,link!$C$15:$R$2004,15,0) -> 74170 | J95: =VLOOKUP($D95,link!$C$15:$R$2004,16,0) -> 0 | K95: =G95*I95 -> 1483.4 | L95: =G95*J95 -> 0
C96: 2.4 | D96: ='master material'!C190 -> Elbow 90° schd. 40, 6" | G96: =analisa!P101 -> 4 | H96: =VLOOKUP($D96,link!$C$15:$R$2004,14,0) -> pc | I96: =VLOOKUP($D96,link!$C$15:$R$2004,15,0) -> 1140720 | J96: =VLOOKUP($D96,link!$C$15:$R$2004,16,0) -> 0 | K96: =G96*I96 -> 4562880 | L96: =G96*J96 -> 0
C97: 2.5 | D97: ='master material'!C192 -> Elbow 90° schd. 40, 10" | G97: =analisa!P102 -> 4 | H97: =VLOOKUP($D97,link!$C$15:$R$2004,14,0) -> pc | I97: =VLOOKUP($D97,link!$C$15:$R$2004,15,0) -> 4113700 | J97: =VLOOKUP($D97,link!$C$15:$R$2004,16,0) -> 0 | K97: =G97*I97 -> 16454800 | L97: =G97*J97 -> 0
C98: 2.6 | D98: ='master material'!C186 -> Elbow 90° schd. 40, 1" | G98: =analisa!P103 -> 2 | H98: =VLOOKUP($D98,link!$C$15:$R$2004,14,0) -> pc | I98: =VLOOKUP($D98,link!$C$15:$R$2004,15,0) -> 33300 | J98: =VLOOKUP($D98,link!$C$15:$R$2004,16,0) -> 0 | K98: =G98*I98 -> 66600 | L98: =G98*J98 -> 0
C99: 2.7 | D99: ='master material'!C255 -> Concentric Reducer Sch. 40, 10" x 6" | G99: =analisa!P104 -> 2 | H99: =VLOOKUP($D99,link!$C$15:$R$2004,14,0) -> pc | I99: =VLOOKUP($D99,link!$C$15:$R$2004,15,0) -> 921760 | J99: =VLOOKUP($D99,link!$C$15:$R$2004,16,0) -> 0 | K99: =G99*I99 -> 1843520 | L99: =G99*J99 -> 0
C100: 2.8 | D100: ='master material'!C228 -> Tee schd. 40, 10" | G100: =analisa!P105 -> 2 | H100: =VLOOKUP($D100,link!$C$15:$R$2004,14,0) -> pc | I100: =VLOOKUP($D100,link!$C$15:$R$2004,15,0) -> 5067740 | J100: =VLOOKUP($D100,link!$C$15:$R$2004,16,0) -> 0 | K100: =G100*I100 -> 10135480 | L100: =G100*J100 -> 0
C101: 2.9 | D101: ='master material'!C226 -> Tee schd. 40, 6" | G101: =analisa!P106 -> 2 | H101: =VLOOKUP($D101,link!$C$15:$R$2004,14,0) -> pc | I101: =VLOOKUP($D101,link!$C$15:$R$2004,15,0) -> 1408200 | J101: =VLOOKUP($D101,link!$C$15:$R$2004,16,0) -> 0 | K101: =G101*I101 -> 2816400 | L101: =G101*J101 -> 0
C102: 2.10 | D102: ='master material'!C451 -> Sockolet Sch 40 | K102: =G102*I102 -> 0 | L102: =G102*J102 -> 0
D103: 2.10.1 | E103: ='master material'!C479 -> Size Ø 1" x 10 | G103: =analisa!P108 -> 2 | H103: =VLOOKUP($E103,link!$C$15:$R$2004,14,0) -> pc | I103: =VLOOKUP($E103,link!$C$15:$R$2004,15,0) -> 76000 | J103: =VLOOKUP($E103,link!$C$15:$R$2004,16,0) -> 0 | K103: =G103*I103 -> 152000 | L103: =G103*J103 -> 0
C104: 2.11 | D104: ='master material'!C867 -> Pressure Gauge 0-10 bar liquid 1/2 size display 100mm | G104: =analisa!P109 -> 2 | H104: =VLOOKUP($D104,link!$C$15:$R$2004,14,0) -> unit | I104: =VLOOKUP($D104,link!$C$15:$R$2004,15,0) -> 2096660 | J104: =VLOOKUP($D104,link!$C$15:$R$2004,16,0) -> 0 | K104: =G104*I104 -> 4193320 | L104: =G104*J104 -> 0
C105: 2.12 | D105: ='master material'!C364 -> Weld Neck Flange #300, 10" | G105: =analisa!P110 -> 14 | H105: =VLOOKUP($D105,link!$C$15:$R$2004,14,0) -> pc | I105: =VLOOKUP($D105,link!$C$15:$R$2004,15,0) -> 3725000 | J105: =VLOOKUP($D105,link!$C$15:$R$2004,16,0) -> 0 | K105: =G105*I105 -> 52150000 | L105: =G105*J105 -> 0
C106: 2.13 | D106: ='master material'!C348 -> Weld Neck Flange #150, 10" | G106: =analisa!P111 -> 2 | H106: =VLOOKUP($D106,link!$C$15:$R$2004,14,0) -> pc | I106: =VLOOKUP($D106,link!$C$15:$R$2004,15,0) -> 2944760 | J106: =VLOOKUP($D106,link!$C$15:$R$2004,16,0) -> 0 | K106: =G106*I106 -> 5889520 | L106: =G106*J106 -> 0
C107: 2.14 | D107: ='master material'!C362 -> Weld Neck Flange #300, 6" | G107: =analisa!P112 -> 2 | H107: =VLOOKUP($D107,link!$C$15:$R$2004,14,0) -> pc | I107: =VLOOKUP($D107,link!$C$15:$R$2004,15,0) -> 1586660 | J107: =VLOOKUP($D107,link!$C$15:$R$2004,16,0) -> 0 | K107: =G107*I107 -> 3173320 | L107: =G107*J107 -> 0
...

Sheet analisa
A3: PEKERJAAN | E3: : | F3: =REKAP!F6 -> MODIFIKASI PIPA ARA METER 31 & PENERIMAAN LPG
A4: LOKASI | E4: : | F4: =REKAP!F7 -> IT CILACAP
A5: PROJECT OWNER | E5: : | F5: =REKAP!F8 -> RPD REGION JBT
A7: NO | B7: URAIAN PEKERJAAN | G7: Remaks | H7: ARITMATIKA | R7: Keterangan
H8: Panjang | I8: Lebar | J8: Tinggi | K8: Luas | L8: Ea | M8: Kg | N8: Jumlah | O8: Volume | P8: Total Volume | Q8: Satuan
A9: =BoQ!B14 -> I | B9: =BoQ!C14 -> PEKERJAAN PERSIAPAN DAN PERALATAN KERJA
A10: =BoQ!B15 -> 1 | B10: =BoQ!C15 -> PEKERJAAN PERSIAPAN
B11: =BoQ!C16 -> 1.1 | C11: =BoQ!D16 -> Mobilisasi dan Demobilisasi Pekerja dari Semarang ke FT Lomanis/IT Cilacap | G11: 12 Manpower x 2 trip | L11: 6 | N11: 2 | P11: =PRODUCT(H11:O11) -> 12 | Q11: =BoQ!H16 -> Trip.org | R11: 6 orng
B12: =BoQ!C17 -> 1.2 | C12: =BoQ!D17 -> Mobilisasi Material dan Peralatan dengan Truck dari Semarang ke FT Lomanis/IT Cilacap | G12: 2 x peralatan, 2 x material | L12: 2 | P12: =PRODUCT(H12:O12) -> 2 | Q12: =BoQ!H17 -> Trip | R12: trip ke KPI & LPG
B13: =BoQ!C18 -> 1.3 | C13: =BoQ!D18 -> Mobilisasi Material dan Peralatan dengan Truck dari Luar Jateng & DIY ke FT Lomanis/IT Cilacap | G13: 2 x pengiriman material | L13: 1 | P13: =PRODUCT(H13:O13) -> 1 | Q13: =BoQ!H18 -> Trip | R13: Ball valve dari luar kota
A14: =BoQ!B19 -> 2 | B14: =BoQ!C19 -> PENYEDIAAN PERALATAN KERJA DAN SARFAS HSSE UNTUK KONTRUKSI
B16: =BoQ!C20 -> 2.1 | C16: =BoQ!D20 -> Sewa Gas Tester | G16: 2 gas tester x 22 day | L16: 2 | N16: 7 | P16: =PRODUCT(H16:O16) -> 14 | Q16: =BoQ!H20 -> UD
B17: =BoQ!C21 -> 2.2 | C17: =BoQ!D21 -> Sewa Apar Powder 9 Kg | G17: 4 apar x 22 day | L17: 4 | N17: 7 | P17: =PRODUCT(H17:O17) -> 28 | Q17: =BoQ!H21 -> UD | R17: area KPI, crane, LPG, Gudang perlatan
A18: =BoQ!B22 -> 3 | B18: =BoQ!C22 -> Sewa Peralatan Pendukung Perbaikan & Perawatan | P18: =PRODUCT(H18:O18) -> 0 | Q18: =BoQ!H22 -> 0
B19: =BoQ!C23 -> 3.1 | C19: =BoQ!D23 -> Crane 5 Ton inc BBM diluar Operator | G19: 2 shift area penerimaan, 2 shift area meter arus | L19: =2+2 -> 4 | P19: =PRODUCT(H19:O19) -> 4 | Q19: =BoQ!H23 -> UD | R19: 2 hari KPI & 2 hari LPG
B20: =BoQ!C24 -> 3.2 | C20: =BoQ!D24 -> Sewa Scafolding tubular pipe incld. platform pijakan include Scaffolder (1,7 m x 1,7m) | P20: 2 | Q20: =BoQ!H24 -> Set/Month
A22: =BoQ!B26 -> II | B22: =BoQ!C26 -> PEKERJAAN ENGINEERING DAN PROJECT MANAGEMENT | P22: =PRODUCT(H22:O22) -> 0 | Q22: =BoQ!H26 -> 0
A23: =BoQ!B27 -> 1 | B23: =BoQ!C27 -> PROJECT MANAGEMENT | P23: =PRODUCT(H23:O23) -> 0 | Q23: =BoQ!H27 -> 0
B24: =BoQ!C28 -> 1.1 | C24: =BoQ!D28 -> Safetyman | G24: 1 safety x 22 day | L24: 2 | N24: 22 | P24: =PRODUCT(H24:O24) -> 44 | Q24: =BoQ!H28 -> MD
B25: =BoQ!C29 -> 1.2 | C25: =BoQ!D29 -> Rigger | L25: 2 | N25: 7 | P25: =PRODUCT(H25:O25) -> 14 | Q25: =BoQ!H29 -> MD | R25: area KPI & LPG
B26: =BoQ!C30 -> 1.3 | C26: =BoQ!D30 -> Operator alat berat | L26: 2 | N26: 7 | P26: =PRODUCT(H26:O26) -> 14 | Q26: =BoQ!H30 -> MD
A27: =BoQ!#REF! -> #REF! | B27: =BoQ!#REF! -> #REF! | P27: =PRODUCT(H27:O27) -> 0 | Q27: =BoQ!#REF! -> #REF!
B28: =BoQ!#REF! -> #REF! | C28: =BoQ!#REF! -> #REF! | P28: =PRODUCT(H28:O28) -> 0 | Q28: =BoQ!#REF! -> #REF!
B29: =BoQ!#REF! -> #REF! | C29: =BoQ!#REF! -> #REF! | P29: =PRODUCT(H29:O29) -> 0 | Q29: =BoQ!#REF! -> #REF!
A30: =BoQ!B31 -> 2 | B30: =BoQ!C31 -> Pemenuhan Dokumen Project & Engineering | P30: =PRODUCT(H30:O30) -> 0 | Q30: =BoQ!H31 -> 0
B31: =BoQ!C32 -> 2.1 | C31: =BoQ!D32 -> Shop Drawing & Asbuilt Drawing (1 set/project) | L31: 1 | P31: =PRODUCT(H31:O31) -> 1 | Q31: =BoQ!H32 -> Set
B32: =BoQ!C33 -> 2.2 | C32: =BoQ!D33 -> Spesifikasi / Approval Material (1 set/project) | L32: 1 | P32: =PRODUCT(H32:O32) -> 1 | Q32: =BoQ!H33 -> Set
B33: =BoQ!C34 -> 2.3 | C33: =BoQ!D34 -> Laporan Teknis dan HSSE Bulanan (1 set/project) | L33: 1 | P33: =PRODUCT(H33:O33) -> 1 | Q33: =BoQ!H34 -> Set
B34: =BoQ!C35 -> 2.4 | C34: =BoQ!D35 -> WPQT include report | L34: 1 | P34: =PRODUCT(H34:O34) -> 1 | Q34: =BoQ!H35 -> Welder
B35: =BoQ!C36 -> 2.5 | C35: =BoQ!D36 -> Inspection Report | L35: 1 | P35: =PRODUCT(H35:O35) -> 1
B36: =BoQ!C37 -> 2.6 | C36: =BoQ!D37 -> MCU personil | L36: 6 | P36: =PRODUCT(H36:O36) -> 6 | R36: 6 Orang
E37: =BoQ!F39 -> SUB-TOTAL II | P37: =PRODUCT(H37:O37) -> 0 | Q37: =BoQ!H39 -> 0
A38: =BoQ!B40 -> III | B38: =BoQ!C40 -> PERBAIKAN AREA METER 39 DAN MODIFIKASI PIPA AREA KILANG PERTAMINA | P38: =PRODUCT(H38:O38) -> 0 | Q38: =BoQ!H40 -> 0
A39: =BoQ!B41 -> 1 | B39: =BoQ!C41 -> MODIFIKASI AREA PENERIMAAN (LPG) | P39: =PRODUCT(H39:O39) -> 0 | Q39: =BoQ!H41 -> 0
B40: =BoQ!C42 -> 1.1 | C40: =BoQ!D42 -> Pipa API 5L grade B Ø 10" Sch. 40 | H40: ='perhitungan pipa 1'!E77 -> 9654 | L40: =H40/1000 -> 9.654 | P40: =H40/1000 -> 9.654 | Q40: =BoQ!H42 -> m
B42: =BoQ!C43 -> 1.2 | C42: =BoQ!D43 -> Pipa API 5L grade B Ø 2" Sch. 40 | P42: =L43+L44 -> 0.116 | Q42: =BoQ!H43 -> m
F43: Pipa PRV 1" | H43: =25+28 -> 53 | L43: =H43/1000 -> 0.053
F44: Pipa Presure gauge 1/2" | H44: =25+38 -> 63 | L44: =H44/1000 -> 0.063
B45: =BoQ!C44 -> 1.3 | C45: =BoQ!D44 -> Elbow 90° schd. 40, 10" | L45: 2 | P45: =L45 -> 2 | Q45: =BoQ!H44 -> pc
B46: =BoQ!C45 -> 1.4 | C46: =BoQ!D45 -> Tee schd. 40, 10" | L46: 2 | P46: =L46 -> 2 | Q46: =BoQ!H45 -> pc
B47: =BoQ!C46 -> 1.5 | C47: =BoQ!D46 -> Weld Neck Flange #300, 10" | L47: 6 | P47: =L47 -> 6 | Q47: =BoQ!H46 -> pc
B48: =BoQ!C47 -> 1.6 | C48: =BoQ!D47 -> Weld Neck Flange #150, 10" | L48: 3 | P48: =L48 -> 3 | Q48: =BoQ!H47 -> pc
B49: =BoQ!C48 -> 1.7 | C49: =BoQ!D48 -> Weld Neck Flange #150, 1" | L49: 2 | P49: =L49 -> 2 | Q49: =BoQ!H48 -> pc
B50: =BoQ!C49 -> 1.8 | C50: =BoQ!D49 -> Weld Neck Flange #150, 1/2" | L50: 2 | P50: =L50 -> 2 | Q50: =BoQ!H49 -> pc
B51: =BoQ!C50 -> 1.9 | C51: =BoQ!D50 -> BALL VALVES #300 A-216 WCB, Trunnion Mounted | P51: =L51 -> 0 | Q51: =BoQ!H50 -> 0
B52: =BoQ!C51 -> 0 | C52: =BoQ!D51 -> 1.9.1 | D52: =BoQ!E51 -> Ball valves #300, 10" | L52: 3 | P52: =L52 -> 3 | Q52: =BoQ!H51 -> pc
B53: =BoQ!C52 -> 0 | C53: =BoQ!D52 -> 1.9.2 | D53: =BoQ!E52 -> Ball valves #150, 10" | L53: 2 | P53: =L53 -> 2 | Q53: =BoQ!H52 -> pc
B54: =BoQ!C53 -> 0 | C54: =BoQ!D53 -> 1.9.3 | D54: =BoQ!E53 -> Ball valves #150, 1" | L54: 1 | P54: =L54 -> 1 | Q54: =BoQ!H53 -> pc
B55: =BoQ!C54 -> 0 | C55: =BoQ!D54 -> 1.9.4 | D55: =BoQ!E54 -> Ball valves #150, 1/2" | L55: 1 | P55: =L55 -> 1 | Q55: =BoQ!H54 -> pc
B56: =BoQ!C55 -> 1.10 | C56: =BoQ!D55 -> Gasket Spiral Wound #300 SS316L 10" | L56: 8 | P56: =L56 -> 8 | Q56: =BoQ!H55 -> pc
B57: =BoQ!C56 -> 1.11 | C57: =BoQ!D56 -> Gasket Spiral Wound #150 SS316L 10" | L57: 5 | P57: =L57 -> 5 | Q57: =BoQ!H56 -> pc
B58: =BoQ!C57 -> 1.12 | C58: =BoQ!D57 -> Gasket Spiral Wound #150 SS316L 1" | L58: 2 | P58: =L58 -> 2 | Q58: =BoQ!H57 -> pc
B59: =BoQ!C58 -> 1.13 | C59: =BoQ!D58 -> Gasket Spiral Wound #150 SS316L 1/2" | L59: 2 | P59: =L59 -> 2 | Q59: =BoQ!H58 -> pc
B60: =BoQ!C59 -> 1.14 | C60: =BoQ!D59 -> Stud Bolt C/W 2 NUT, ASTM A193 Gr. B7 / ASTM A194 Gr. 2H 1" X 6" HITAM | L60: 8 | P60: =L60 -> 8 | Q60: =BoQ!H59 -> pc | R60: 10" #300
B61: =BoQ!C60 -> 1.15 | C61: =BoQ!D60 -> Stud Bolt C/W 2 NUT, ASTM A193 Gr. B7 / ASTM A194Gr. 2H 1-1/8" X 6" HITAM | L61: 5 | P61: =L61 -> 5 | Q61: =BoQ!H60 -> pc | R61: 10"#150
B62: =BoQ!C61 -> 1.16 | C62: =BoQ!D61 -> Stud Bolt C/W 2 NUT, ASTM A193 Gr. B7 / ASTM A194Gr. 2H 1/2" X 2-1/2" HITAM | L62: 2 | P62: =L62 -> 2 | Q62: =BoQ!H61 -> pc | R62: 1"#150
B63: =BoQ!C62 -> 1.17 | C63: =BoQ!D62 -> Stud Bolt C/W 2 NUT, ASTM A193 Gr. B7 / ASTM A194 Gr. 2H 1/2" X 2-1/4" HITAM | L63: 2 | P63: =L63 -> 2 | Q63: =BoQ!H62 -> pc | R63: 1\2" #150
B64: =BoQ!C63 -> 1.18 | C64: =BoQ!D63 -> Sockolet Sch 40 | P64: =L64 -> 0 | Q64: =BoQ!H63 -> 0
B65: =BoQ!C64 -> 0 | C65: =BoQ!D64 -> 1.18.1 | D65: =BoQ!E64 -> Size Ø 1/2" x 10 | L65: 1 | P65: =L65 -> 1 | Q65: =BoQ!H64 -> pc
B66: =BoQ!C65 -> 0 | C66: =BoQ!D65 -> 1.18.2 | D66: =BoQ!E65 -> Size Ø 1" x 10 | L66: 1 | P66: =L66 -> 1 | Q66: =BoQ!H65 -> pc
B67: =BoQ!C66 -> 1.19 | C67: =BoQ!D66 -> Handling / Stringing and Aligning pipa ø10" | L67: 4 | P67: =L67 -> 4 | Q67: =BoQ!H66 -> Joint
B68: =BoQ!C67 -> 1.20 | C68: =BoQ!D67 -> Pengangkutan hasil bongkaran Pipa ø10" | L68: 10 | P68: =L68 -> 10 | Q68: =BoQ!H67 -> m
B69: =BoQ!C68 -> 1.21 | C69: =BoQ!D68 -> Pengelasan Welded Neck Flange #300 | P69: =L69 -> 0 | Q69: =BoQ!H68 -> 0
B70: =BoQ!C69 -> 0 | C70: =BoQ!D69 -> 1.21.1 | D70: =BoQ!E69 -> Flange ø10" #300 | L70: 8 | P70: =L70 -> 8 | Q70: =BoQ!H69 -> Set-Joint
B71: =BoQ!C70 -> 0 | C71: =BoQ!D70 -> 1.21.2 | D71: =BoQ!E70 -> Flange ø10" #150 | L71: 5 | P71: =L71 -> 5 | Q71: =BoQ!H70 -> Set-Joint
B72: =BoQ!C71 -> 0 | C72: =BoQ!D71 -> 1.21.3 | D72: =BoQ!E71 -> Flange ø2" #150 dan dibawahnya | L72: =2+2 -> 4 | P72: =L72 -> 4 | Q72: =BoQ!H71 -> Set-Joint | R72: Pipa 1" & 1/2"
B73: =BoQ!C72 -> 1.22 | C73: =BoQ!D72 -> Pekerjaan Bolting-ups Flange #300 | P73: =L73 -> 0 | Q73: =BoQ!H72 -> 0
B74: =BoQ!C73 -> 0 | C74: =BoQ!D73 -> 1.22.1 | D74: =BoQ!E73 -> Flange ø10" #300 | L74: 8 | P74: =L74 -> 8 | Q74: =BoQ!H73 -> Set-Joint
B75: =BoQ!C74 -> 0 | C75: =BoQ!D74 -> 1.22.2 | D75: =BoQ!E74 -> Flange ø10" #150 | L75: 5 | P75: =L75 -> 5 | Q75: =BoQ!H74 -> Set-Joint
B76: =BoQ!C75 -> 0 | C76: =BoQ!D75 -> 1.22.3 | D76: =BoQ!E75 -> Flange ø2" #150 dan dibawahnya | L76: 4 | P76: =L76 -> 4 | Q76: =BoQ!H75 -> Set-Joint
B77: =BoQ!C76 -> 1.23 | C77: =BoQ!D76 -> Pekerjaan Unbolting Flange #150 | P77: =L77 -> 0 | Q77: =BoQ!H76 -> 0
B78: =BoQ!C77 -> 0 | C78: =BoQ!D77 -> 1.23.1 | D78: =BoQ!E77 -> Flange ø10" #150 | L78: 9 | P78: =L78 -> 9 | Q78: =BoQ!H77 -> Set-Joint
B79: =BoQ!C78 -> 0 | C79: =BoQ!D78 -> 1.23.2 | D79: =BoQ!E78 -> Flange ø2" #150 dan dibawahnya | L79: 4 | P79: =L79 -> 4 | Q79: =BoQ!H78 -> Set-Joint
B80: =BoQ!C79 -> 1.24 | C80: =BoQ!D79 -> Pekerjaan Unbolting Flange #300 | P80: =L80 -> 0 | Q80: =BoQ!H79 -> 0
B81: =BoQ!C80 -> 0 | C81: =BoQ!D80 -> 1.24.1 | D81: =BoQ!E80 -> Flange ø8" #300 | L81: 2 | P81: =L81 -> 2 | Q81: =BoQ!H80 -> Set-Joint
B82: =BoQ!C81 -> 0 | C82: =BoQ!D81 -> 1.24.2 | D82: =BoQ!E81 -> Flange ø10" #300 | L82: 2 | P82: =L82 -> 2 | Q82: =BoQ!H81 -> Set-Joint
B83: =BoQ!C82 -> 1.25 | C83: =BoQ!D82 -> Penyetelan dan Pengelasan Elbow 90 ø10" | L83: 2 | P83: =L83 -> 2 | Q83: =BoQ!H82 -> Set-Joint
B84: =BoQ!C83 -> 1.26 | C84: =BoQ!D83 -> Penyetelan dan Pengelasan Tee Equal ø10" | L84: 2 | P84: =L84 -> 2 | Q84: =BoQ!H83 -> Set-Joint
B85: =BoQ!C84 -> 1.27 | C85: =BoQ!D84 -> Pembongkaran 2 Flange Accessories #150 (GV, BV, Check Valve, Flexible Pipe, Spool etc) | P85: =L85 -> 0 | Q85: =BoQ!H84 -> 0
B86: =BoQ!C85 -> 0 | C86: =BoQ!D85 -> 1.27.1 | D86: =BoQ!E85 -> Pembongkaran 2 Flange Accessories ø10" | L86: 4 | P86: =L86 -> 4 | Q86: =BoQ!H85 -> Unit
B87: =BoQ!C86 -> 1.28 | C87: =BoQ!D86 -> Penyetelan dan Pemasangan 2 Flange Accessories #300 (GV, BV, Check Valve, Flexible Pipe, Spool etc) | P87: =L87 -> 0 | Q87: =BoQ!H86 -> 0
B88: =BoQ!C87 -> 0 | C88: =BoQ!D87 -> 1.28.1 | D88: =BoQ!E87 -> Penyetelan dan Pemasangan 2 Flange Accessories ø10" | L88: 4 | P88: =L88 -> 4 | Q88: =BoQ!H87 -> Unit
B89: =BoQ!#REF! -> #REF! | C89: =BoQ!#REF! -> #REF! | Q89: =BoQ!#REF! -> #REF!
B90: =BoQ!#REF! -> #REF! | C90: =BoQ!#REF! -> #REF! | D90: =BoQ!#REF! -> #REF! | H90: =1500+2952+3470+1500+1470+970+565+1110+825+927+533+533+533+533+533 -> 17954 | P90: =K91+K92 -> 15.705437 | Q90: =BoQ!#REF! -> #REF! | R90: Dia 10" 0,273
F91: pipa 10" | H91: =(1500+2952+3470+1500+1470+970+565+825+927)/1000 -> 14.179 | K91: =PI()*0.273*H91 -> 12.160687
F92: Fitting | H92: =H91*0.25 -> 3.54475 | K92: =H92 -> 3.54475
B93: =BoQ!C88 -> 1.29 | C93: =BoQ!D88 -> Coating External Pipe, 3 layer total DFT 250 Micron menggunakan Roller Brush
B94: =BoQ!C89 -> 0 | C94: =BoQ!D89 -> 1.29.1 | D94: =BoQ!E89 -> Primer Coat (Anti corrosion surface tolerant epoxy + thinner) DFT 100 micron | P94: =P90 -> 15.705437 | Q94: =BoQ!H89 -> m2
B95: =BoQ!C90 -> 0 | C95: =BoQ!D90 -> 1.29.2 | D95: =BoQ!E90 -> Intermediate Coat (High Build – High Solid Epoxy + thinner) DFT 100 micron | P95: =P94 -> 15.705437 | Q95: =BoQ!H90 -> m2
B96: =BoQ!C91 -> 0 | C96: =BoQ!D91 -> 1.29.3 | D96: =BoQ!E91 -> Finish Coat (Polyurethane + thinner) DFT 50 micron | P96: =P95 -> 15.705437 | Q96: =BoQ!H91 -> m2
B97: =BoQ!C92 -> MODIFIKASI PIPA AREA METER 39 | Q97: =BoQ!H92 -> 0
B98: =BoQ!C93 -> 2.1 | C98: =BoQ!D93 -> Pipa API 5L grade B Ø 6" Sch. 40 | H98: ='perhitungan pipa'!E80 -> 10133 | P98: =H98/1000 -> 10.133 | Q98: =BoQ!H93 -> m
B99: =BoQ!C94 -> 2.2 | C99: =BoQ!D94 -> Pipa API 5L grade B Ø 10" Sch. 40 | H99: ='perhitungan pipa'!E78 -> 12298 | P99: =H99/1000 -> 12.298 | Q99: =BoQ!H94 -> m
B100: =BoQ!C95 -> 2.3 | C100: =BoQ!D95 -> Pipa ASTM A53 Grade B Ø 1" Sch. 40 | H100: 0.02 | P100: =H100 -> 0.02 | Q100: =BoQ!H95 -> m
B101: =BoQ!C96 -> 2.4 | C101: =BoQ!D96 -> Elbow 90° schd. 40, 6" | L101: 4 | P101: =L101 -> 4 | Q101: =BoQ!H96 -> pc
B102: =BoQ!C97 -> 2.5 | C102: =BoQ!D97 -> Elbow 90° schd. 40, 10" | L102: 4 | P102: =L102 -> 4 | Q102: =BoQ!H97 -> pc
C103: =BoQ!D98 -> Elbow 90° schd. 40, 1" | L103: 2 | P103: 2
B104: =BoQ!C99 -> 2.7 | C104: =BoQ!D99 -> Concentric Reducer Sch. 40, 10" x 6" | L104: 2 | P104: =L104 -> 2 | Q104: =BoQ!H101 -> pc
B105: =BoQ!C100 -> 2.8 | C105: =BoQ!D100 -> Tee schd. 40, 10" | L105: 2 | P105: =L105 -> 2 | Q105: =BoQ!H102 -> 0
B106: =BoQ!C101 -> 2.9 | C106: =BoQ!D101 -> Tee schd. 40, 6" | L106: 2 | P106: =L106 -> 2 | Q106: =BoQ!H103 -> pc
...

Sheet perhitungan pipa 1
C3: Total dimensi (mm) | D3: Material | E3: size ( inch) | F3: rating | G3: dimensi fitting (mm) | H3: qty | I3: total dimensi (mm) | J3: pipa yg dibutuhkan (mm)
B4: LINE 1 | C4: 960 | D4: Tee equal | E4: 10 | G4: 216 | H4: 1 | I4: 216 | J4: =C4-(I4+I5+I6) -> 525 | K4: =I4+I5 -> 333.5
D5: Flange | E5: 10 | F5: 300# | G5: 117.5 | H5: 1 | I5: =G5*H5 -> 117.5
D6: Flange | E6: 10 | F6: 150# | G6: 101.5 | H6: 1 | I6: =G6*H6 -> 101.5
C8: 610 | D8: Tee equal | E8: 10 | G8: 216 | H8: 1 | I8: 216 | J8: =C8-(I8+I9) -> 276.5
D9: Flange | E9: 10 | F9: 300# | G9: 117.5 | H9: 1 | I9: =G9*H9 -> 117.5
B10: LINE 2 | C10: 960 | D10: Tee equal | E10: 10 | G10: 216 | H10: 1 | I10: 216 | J10: =C10-(I10+I11+I12) -> 525
D11: Flange | E11: 10 | F11: 300# | G11: 117.5 | H11: 1 | I11: =G11*H11 -> 117.5
D12: Flange | E12: 10 | F12: 150# | G12: 101.5 | H12: 1 | I12: =G12*H12 -> 101.5
C14: 610 | D14: Tee equal | E14: 10 | G14: 216 | H14: 1 | I14: 216 | J14: =C14-(I14+I15) -> 276.5
D15: Flange | E15: 10 | F15: 300# | G15: 117.5 | H15: 1 | I15: =G15*H15 -> 117.5
B17: LINE 3 | C17: 1430 | D17: elbow | E17: 10 | G17: 381 | H17: 1 | I17: =G17*H17 -> 381 | J17: =C17-(I17+I18) -> 931.5
D18: Flange | E18: 10 | F18: 300# | G18: 117.5 | H18: 1 | I18: =G18*H18 -> 117.5
C20: 4350 | D20: elbow | E20: 10 | G20: 381 | H20: 1 | I20: =G20*H20 -> 381 | J20: =C20-(I20+I21) -> 3851.5
D21: Flange | E21: 10 | F21: 300# | G21: 117.5 | H21: 1 | I21: =G21*H21 -> 117.5
B23: LINE 4 | C23: 1430 | D23: elbow | E23: 10 | G23: 381 | H23: 1 | I23: =G23*H23 -> 381 | J23: =C23-(I23+I24) -> 931.5
D24: Flange | E24: 10 | F24: 300# | G24: 117.5 | H24: 1 | I24: =G24*H24 -> 117.5
C26: 4350 | D26: elbow | E26: 10 | G26: 381 | H26: 1 | I26: =G26*H26 -> 381 | J26: =C26-(I26+I27) -> 3851.5
D27: Flange | E27: 10 | F27: 300# | G27: 117.5 | H27: 1 | I27: =G27*H27 -> 117.5
B29: LINE 5 | C29: 1000 | D29: elbow | E29: 10 | G29: 381 | H29: 1 | I29: =G29*H29 -> 381 | J29: =C29-(I29+I30) -> 501.5
D30: Flange | E30: 10 | F30: 300# | G30: 117.5 | H30: 1 | I30: =G30*H30 -> 117.5
C32: 1000 | D32: elbow | E32: 10 | G32: 381 | H32: 1 | I32: =G32*H32 -> 381 | J32: =C32-(I32+I33+I34+I35) -> 63
D33: Flange | E33: 10 | F33: 300# | G33: 117.5 | H33: 2 | I33: =G33*H33 -> 235
D34: red concentric | E34: 10 x 6 | G34: 178 | H34: 1 | I34: =G34*H34 -> 178
D35: tee equal | E35: 6 | G35: 143 | H35: 1 | I35: =G35*H35 -> 143
C37: 2220 | D37: elbow | E37: 6 | G37: 229 | H37: 1 | I37: =G37*H37 -> 229 | J37: =C37-(I37+I38) -> 1848
D38: tee equal | E38: 6 | G38: 143 | H38: 1 | I38: =G38*H38 -> 143
C40: 450 | D40: elbow | E40: 6 | G40: 229 | H40: 1 | I40: =G40*H40 -> 229 | J40: =C40-(I40+I41) -> 122.5
D41: Flange | E41: 6 | F41: 300# | G41: 98.5 | H41: 1 | I41: =G41*H41 -> 98.5
C43: 1050 | D43: elbow | E43: 6 | G43: 229 | H43: 1 | I43: =G43*H43 -> 229 | J43: =C43-(I43+I44) -> 678
D44: tee equal | E44: 6 | G44: 143 | H44: 1 | I44: =G44*H44 -> 143
C46: 740 | D46: elbow | E46: 6 | G46: 229 | H46: 1 | I46: =G46*H46 -> 229 | J46: =C46-(I46+I47) -> 412.5
D47: Flange | E47: 6 | F47: 300# | G47: 98.5 | H47: 1 | I47: =G47*H47 -> 98.5
B49: LINE 6 | C49: 1000 | D49: elbow | E49: 10 | G49: 381 | H49: 1 | I49: =G49*H49 -> 381 | J49: =C49-(I49+I50) -> 501.5
D50: Flange | E50: 10 | F50: 300# | G50: 117.5 | H50: 1 | I50: =G50*H50 -> 117.5
C52: 1000 | D52: elbow | E52: 10 | G52: 381 | H52: 1 | I52: =G52*H52 -> 381 | J52: =C52-(I52+I53+I54+I55) -> 63
D53: Flange | E53: 10 | F53: 300# | G53: 117.5 | H53: 2 | I53: =G53*H53 -> 235
D54: red concentric | E54: 10 x 6 | G54: 178 | H54: 1 | I54: =G54*H54 -> 178
D55: tee equal | E55: 6 | G55: 143 | H55: 1 | I55: =G55*H55 -> 143
C57: 2220 | D57: elbow | E57: 6 | G57: 229 | H57: 1 | I57: =G57*H57 -> 229 | J57: =C57-(I57+I58) -> 1848
D58: tee equal | E58: 6 | G58: 143 | H58: 1 | I58: =G58*H58 -> 143
C60: 450 | D60: elbow | E60: 6 | G60: 229 | H60: 1 | I60: =G60*H60 -> 229 | J60: =C60-(I60+I61) -> 122.5
D61: Flange | E61: 6 | F61: 300# | G61: 98.5 | H61: 1 | I61: =G61*H61 -> 98.5
C63: 1050 | D63: Flange | E63: 6 | F63: 300# | G63: 98.5 | H63: 1 | I63: =G63*H63 -> 98.5 | J63: =C63-(I63+I64) -> 808.5
D64: tee equal | E64: 6 | G64: 143 | H64: 1 | I64: =G64*H64 -> 143
B66: LINE 7 | C66: 410 | D66: Flange | E66: 6 | F66: 300# | G66: 98.5 | H66: 2 | I66: =G66*H66 -> 197 | J66: =C66-I66 -> 213
B68: LINE 8 | C68: 650 | D68: elbow | E68: 6 | G68: 229 | H68: 1 | I68: =G68*H68 -> 229 | J68: =C68-(I68+I69) -> 322.5
D69: Flange | E69: 6 | F69: 300# | G69: 98.5 | H69: 1 | I69: =G69*H69 -> 98.5
C71: 4085 | D71: elbow | E71: 6 | G71: 229 | H71: 1 | I71: =G71*H71 -> 229 | J71: =C71-(I71+I72) -> 3757.5
D72: Flange | E72: 6 | F72: 300# | G72: 98.5 | H72: 1 | I72: =G72*H72 -> 98.5
B75: Note :
C76: PENERIMAAN
C77: 10" | E77: =476+193+735+1019+903+2971.5+2453.5+903 -> 9654
B82: Note :
C83: AREA 39
B84: 1 | C84: kebutuhan total pipa 10 inch | E84: =J4+J8+J10+J14+J17+J20+J23+J26+J29+J32+J49+J52 -> 12298
B86: 2 | C86: kebutuhan total pipa 6 inch | E86: =J37+J40+J43+J46+J57+J60+J63+J66+J68+J71 -> 10133
A91: D pipa 10" | C91: 254.46
A92: jari jari 10" | C92: =C91/2 -> 127.23
A93: D pipa 6" | C93: 154.08
A94: jari jari 6" | C94: =C93/2 -> 77.04
B96: 1 | C96: Volume pipa 10" dengan panjang 10,13m | E96: =10*10*10.13*1/2 -> 506.5
B97: 2 | C97: Volume pipa 6" dengan panjang 12,29 | E97: =10*10*10.29*1/2 -> 514.5
E98: =SUM(E96:E97) -> 1021
C99: Rubah ke Kilo Liter | E99: =E98/1000 -> 1.021
B101: Dia. Inch | E101: Qty | F101: meter
B102: 3/4" | D102: 0.02 | E102: 2 | F102: =D102*E102 -> 0.04
B103: 1 | C103: =B103*3.14 -> 3.14 | D103: =C103/39.37 -> 0.07975616 | E103: 4 | F103: =D103*E103 -> 0.31902464
B104: 2 | C104: =B104*3.14 -> 6.28 | D104: =C104/39.37 -> 0.15951232 | F104: =D104*E104 -> 0
B105: 3 | C105: =B105*3.14 -> 9.42 | D105: =C105/39.37 -> 0.23926848 | F105: =D105*E105 -> 0
B106: 4 | C106: =B106*3.14 -> 12.56 | D106: =C106/39.37 -> 0.31902464 | F106: =D106*E106 -> 0
B107: 6 | C107: =B107*3.14 -> 18.84 | D107: =C107/39.37 -> 0.47853696 | E107: 19 | F107: =D107*E107 -> 9.0922022
B108: 8 | C108: =B108*3.14 -> 25.12 | D108: =C108/39.37 -> 0.63804928 | F108: =D108*E108 -> 0
B109: 10 | C109: =B109*3.14 -> 31.4 | D109: =C109/39.37 -> 0.7975616 | E109: 21 | F109: =D109*E109 -> 16.748793
B110: 12 | C110: =B110*3.14 -> 37.68 | D110: =C110/39.37 -> 0.95707391 | F110: =D110*E110 -> 0
B111: 14 | C111: =B111*3.14 -> 43.96 | D111: =C111/39.37 -> 1.1165862 | F111: =D111*E111 -> 0
B112: 16 | C112: =B112*3.14 -> 50.24 | D112: =C112/39.37 -> 1.2760986 | F112: =D112*E112 -> 0
F113: =SUM(F102:F112) -> 26.20002

Sheet perhitungan pipa
C3: Total dimensi (mm) | D3: Material | E3: size ( inch) | F3: rating | G3: dimensi fitting (mm) | H3: qty | I3: total dimensi (mm) | J3: pipa yg dibutuhkan (mm)
B4: LINE 1 | C4: 960 | D4: Tee equal | E4: 10 | G4: 216 | H4: 1 | I4: 216 | J4: =C4-(I4+I5+I6) -> 525
D5: Flange | E5: 10 | F5: 300# | G5: 117.5 | H5: 1 | I5: =G5*H5 -> 117.5
D6: Flange | E6: 10 | F6: 150# | G6: 101.5 | H6: 1 | I6: =G6*H6 -> 101.5
C8: 610 | D8: Tee equal | E8: 10 | G8: 216 | H8: 1 | I8: 216 | J8: =C8-(I8+I9) -> 276.5
D9: Flange | E9: 10 | F9: 300# | G9: 117.5 | H9: 1 | I9: =G9*H9 -> 117.5
B10: LINE 2 | C10: 960 | D10: Tee equal | E10: 10 | G10: 216 | H10: 1 | I10: 216 | J10: =C10-(I10+I11+I12) -> 525
D11: Flange | E11: 10 | F11: 300# | G11: 117.5 | H11: 1 | I11: =G11*H11 -> 117.5
D12: Flange | E12: 10 | F12: 150# | G12: 101.5 | H12: 1 | I12: =G12*H12 -> 101.5
C14: 610 | D14: Tee equal | E14: 10 | G14: 216 | H14: 1 | I14: 216 | J14: =C14-(I14+I15) -> 276.5
D15: Flange | E15: 10 | F15: 300# | G15: 117.5 | H15: 1 | I15: =G15*H15 -> 117.5
B17: LINE 3 | C17: 1430 | D17: elbow | E17: 10 | G17: 381 | H17: 1 | I17: =G17*H17 -> 381 | J17: =C17-(I17+I18) -> 931.5
D18: Flange | E18: 10 | F18: 300# | G18: 117.5 | H18: 1 | I18: =G18*H18 -> 117.5
C20: 4350 | D20: elbow | E20: 10 | G20: 381 | H20: 1 | I20: =G20*H20 -> 381 | J20: =C20-(I20+I21) -> 3851.5
D21: Flange | E21: 10 | F21: 300# | G21: 117.5 | H21: 1 | I21: =G21*H21 -> 117.5
B23: LINE 4 | C23: 1430 | D23: elbow | E23: 10 | G23: 381 | H23: 1 | I23: =G23*H23 -> 381 | J23: =C23-(I23+I24) -> 931.5
D24: Flange | E24: 10 | F24: 300# | G24: 117.5 | H24: 1 | I24: =G24*H24 -> 117.5
C26: 4350 | D26: elbow | E26: 10 | G26: 381 | H26: 1 | I26: =G26*H26 -> 381 | J26: =C26-(I26+I27) -> 3851.5
D27: Flange | E27: 10 | F27: 300# | G27: 117.5 | H27: 1 | I27: =G27*H27 -> 117.5
B29: LINE 5 | C29: 1000 | D29: elbow | E29: 10 | G29: 381 | H29: 1 | I29: =G29*H29 -> 381 | J29: =C29-(I29+I30) -> 501.5
D30: Flange | E30: 10 | F30: 300# | G30: 117.5 | H30: 1 | I30: =G30*H30 -> 117.5
C32: 1000 | D32: elbow | E32: 10 | G32: 381 | H32: 1 | I32: =G32*H32 -> 381 | J32: =C32-(I32+I33+I34+I35) -> 63
D33: Flange | E33: 10 | F33: 300# | G33: 117.5 | H33: 2 | I33: =G33*H33 -> 235
D34: red concentric | E34: 10 x 6 | G34: 178 | H34: 1 | I34: =G34*H34 -> 178
D35: tee equal | E35: 6 | G35: 143 | H35: 1 | I35: =G35*H35 -> 143
C37: 2220 | D37: elbow | E37: 6 | G37: 229 | H37: 1 | I37: =G37*H37 -> 229 | J37: =C37-(I37+I38) -> 1848
D38: tee equal | E38: 6 | G38: 143 | H38: 1 | I38: =G38*H38 -> 143
C40: 450 | D40: elbow | E40: 6 | G40: 229 | H40: 1 | I40: =G40*H40 -> 229 | J40: =C40-(I40+I41) -> 122.5
D41: Flange | E41: 6 | F41: 300# | G41: 98.5 | H41: 1 | I41: =G41*H41 -> 98.5
C43: 1050 | D43: elbow | E43: 6 | G43: 229 | H43: 1 | I43: =G43*H43 -> 229 | J43: =C43-(I43+I44) -> 678
D44: tee equal | E44: 6 | G44: 143 | H44: 1 | I44: =G44*H44 -> 143
C46: 740 | D46: elbow | E46: 6 | G46: 229 | H46: 1 | I46: =G46*H46 -> 229 | J46: =C46-(I46+I47) -> 412.5
D47: Flange | E47: 6 | F47: 300# | G47: 98.5 | H47: 1 | I47: =G47*H47 -> 98.5
B49: LINE 6 | C49: 1000 | D49: elbow | E49: 10 | G49: 381 | H49: 1 | I49: =G49*H49 -> 381 | J49: =C49-(I49+I50) -> 501.5
D50: Flange | E50: 10 | F50: 300# | G50: 117.5 | H50: 1 | I50: =G50*H50 -> 117.5
C52: 1000 | D52: elbow | E52: 10 | G52: 381 | H52: 1 | I52: =G52*H52 -> 381 | J52: =C52-(I52+I53+I54+I55) -> 63
D53: Flange | E53: 10 | F53: 300# | G53: 117.5 | H53: 2 | I53: =G53*H53 -> 235
D54: red concentric | E54: 10 x 6 | G54: 178 | H54: 1 | I54: =G54*H54 -> 178
D55: tee equal | E55: 6 | G55: 143 | H55: 1 | I55: =G55*H55 -> 143
C57: 2220 | D57: elbow | E57: 6 | G57: 229 | H57: 1 | I57: =G57*H57 -> 229 | J57: =C57-(I57+I58) -> 1848
D58: tee equal | E58: 6 | G58: 143 | H58: 1 | I58: =G58*H58 -> 143
C60: 450 | D60: elbow | E60: 6 | G60: 229 | H60: 1 | I60: =G60*H60 -> 229 | J60: =C60-(I60+I61) -> 122.5
D61: Flange | E61: 6 | F61: 300# | G61: 98.5 | H61: 1 | I61: =G61*H61 -> 98.5
C63: 1050 | D63: Flange | E63: 6 | F63: 300# | G63: 98.5 | H63: 1 | I63: =G63*H63 -> 98.5 | J63: =C63-(I63+I64) -> 808.5
D64: tee equal | E64: 6 | G64: 143 | H64: 1 | I64: =G64*H64 -> 143
B66: LINE 7 | C66: 410 | D66: Flange | E66: 6 | F66: 300# | G66: 98.5 | H66: 2 | I66: =G66*H66 -> 197 | J66: =C66-I66 -> 213
B68: LINE 8 | C68: 650 | D68: elbow | E68: 6 | G68: 229 | H68: 1 | I68: =G68*H68 -> 229 | J68: =C68-(I68+I69) -> 322.5
D69: Flange | E69: 6 | F69: 300# | G69: 98.5 | H69: 1 | I69: =G69*H69 -> 98.5
C71: 4085 | D71: elbow | E71: 6 | G71: 229 | H71: 1 | I71: =G71*H71 -> 229 | J71: =C71-(I71+I72) -> 3757.5
D72: Flange | E72: 6 | F72: 300# | G72: 98.5 | H72: 1 | I72: =G72*H72 -> 98.5
B76: Note :
B78: 1 | C78: kebutuhan total pipa 10 inch | E78: =J4+J8+J10+J14+J17+J20+J23+J26+J29+J32+J49+J52 -> 12298
B80: 2 | C80: kebutuhan total pipa 6 inch | E80: =J37+J40+J43+J46+J57+J60+J63+J66+J68+J71 -> 10133
A85: D pipa 10" | C85: 254.46
A86: jari jari 10" | C86: =C85/2 -> 127.23
A87: D pipa 6" | C87: 154.08
A88: jari jari 6" | C88: =C87/2 -> 77.04

Sheet TKDN A5
A6: FORM A5
A7: Pernyataan Komitmen TKDN dalam Penawaran Gabungan Barang dan Jasa
A9: Nama Penyedia Jasa | C9: : | D9: =REKAP!C30 -> PT. PERTAMINA MAINTENANCE AND CONSTRUCTION
A10: Nama Pengadaan | C10: : | D10: =BoQ!F7 -> MODIFIKASI PIPA ARA METER 31 & PENERIMAAN LPG
D11: =BoQ!F8 -> IT CILACAP
A14: A | B14: Komponen Biaya | E14: Biaya Komponen Dalam Negeri | F14: Biaya Komponen Luar Negri | G14: Biaya Total | H14: %TKDN
E15: a | F15: b | G15: c = a + b | H15: d = a/c
A16: I | B16: BARANG
A17: 1 | B17: Biaya Bahan (Material) Terpakai | E17: =G17*H17 -> 0 | F17: =G17-E17 -> 38474516 | G17: =REKAP!J20-'TKDN A5'!G18-BoQ!K114-BoQ!K51 -> 38474516 | H17: 0
A18: 2 | B18: Biaya Material Terpasang | E18: =G18*H18 -> 0 | F18: =G18-E18 -> 7.764663e+08 | G18: =SUM(BoQ!K42:K49,BoQ!K52:K91,BoQ!K93:K113,BoQ!K115:K119) -> 7.764663e+08 | H18: 0
A19: 3 | B19: Sub Jumlah | E19: =SUM(E17:E18) -> 0 | F19: =SUM(F17:F18) -> 8.1494082e+08 | G19: =SUM(G17:G18) -> 8.1494082e+08 | H19: 0
A21: II | B21: JASA
A22: 1 | B22: Biaya Tenaga Kerja dan Konsultan | E22: =G22*H22 -> 6407137.5 | F22: =G22-E22 -> 2135712.5 | G22: 8542850 | H22: 0.75
A23: 2 | B23: Biaya Alat Kerja / Fasilitas Kerja | E23: =G23*H23 -> 1092677686 | F23: =G23-E23 -> 1092677686 | G23: =SUM(BoQ!L20:L21,BoQ!L28:L30,BoQ!L32:L37,BoQ!K51,BoQ!K114) -> 2185355372 | H23: 0.5 | K23: =REKAP!K21 -> 3.2550062e+09
A24: 3 | B24: Biaya Konstruksi/Fabrikasi | E24: =G24*H24 -> 1.1580293e+08 | F24: =G24-E24 -> 38600976 | G24: =SUM(BoQ!L16:L18,BoQ!L66:L87,BoQ!L120:L155,BoQ!L161:L168) -> 1.544039e+08 | H24: =H22 -> 0.75 | K24: =G28 -> 3.2550062e+09
A25: 4 | B25: Biaya Jasa Umum | E25: =G25*H25 -> 68822417 | F25: =G25-E25 -> 22940806 | G25: =SUM(BoQ!L180:L186,BoQ!L32:L37) -> 91763223 | H25: =H24 -> 0.75 | K25: =K23-K24 -> 0.28659725
A26: 5 | B26: Sub Jumlah | E26: =SUM(E22:E25) -> 1.2837102e+09 | F26: =SUM(F22:F25) -> 1.1563552e+09 | G26: =SUM(G22:G25) -> 2.4400653e+09 | H26: =(E26/G26)*100% -> 0.52609663
A28: III | B28: Jumlah Biaya Barang + Jasa | E28: =E26+E19 -> 1.2837102e+09 | F28: =F26+F19 -> 1.971296e+09 | G28: =G19+G26 -> 3.2550062e+09 | H28: =(E28/G28)*100% -> 0.39438026
A30: B | B30: Komponen Bukan Biaya ( Non Cost Component) | G30: =G28*8% -> 2.6040049e+08
A32: C | B32: Jumlah Nilai Penawaran (Total Quoted Price) | G32: =ROUNDDOWN((G28+G30),-3) -> 3515406000
E35: =REKAP!C28 -> Jakarta,
E36: =[2]REKAP!B30 -> Diajukan :
E37: =REKAP!C30 -> PT. PERTAMINA MAINTENANCE AND CONSTRUCTION
E45: =REKAP!C40 -> RIKKI ANDARFIYAN SAPUTRA
E46: =REKAP!C31 -> Project Manager

Sheet TKDN A6
A5: DETAIL FORM A6
A6: Peta Jalur (Roadmap) Komitmen TKDN oleh Penyedia Barang/Jasa
A8: Nama Penyedia Jasa | D8: : | E8: ='TKDN A5'!D9 -> PT. PERTAMINA MAINTENANCE AND CONSTRUCTION
A9: Nama Pengadaan | D9: : | E9: ='TKDN A5'!D10 -> MODIFIKASI PIPA ARA METER 31 & PENERIMAAN LPG
E10: ='TKDN A5'!D11 -> IT CILACAP
A12: Periode Pelaksanaan Kontrak | E12: Bulan ke | L12: Akhir Masa Kontrak (n)
E14: 6 | F14: 12 | G14: 18 | H14: 24 | I14: 30 | J14: dst | K14: n-6
A15: Komitmen % TKDN | L15: ='TKDN A5'!H28 -> 0.39438026
A16: Realisasi % TKDN
F19: ='[2]TKDN A5'!E36 -> Diajukan :
F20: ='TKDN A5'!E37 -> PT. PERTAMINA MAINTENANCE AND CONSTRUCTION
F28: ='TKDN A5'!E45 -> RIKKI ANDARFIYAN SAPUTRA
F29: ='TKDN A5'!E46 -> Project Manager

Sheet KURVA S
A5: JUDUL PEKERJAAN | F5: : | G5: =BoQ!F7 -> MODIFIKASI PIPA ARA METER 31 & PENERIMAAN LPG
A6: LOKASI | F6: : | G6: =BoQ!F8 -> IT CILACAP
A7: NO & TGL SPB
A8: JANGKA WAKTU | F8: : | G8: 90 (Sembilan Puluh) HARI KALENDER
A10: NO | B10: URAIAN PEKERJAAN | H10: HARGA SATUAN | I10: BOBOT % | J10: KET. | K10: BULAN - 1 | O10: BULAN - 2 | S10: BULAN - 3 | W10: VALUE SCALE
K11: MINGGU KE - | O11: MINGGU KE - | S11: MINGGU KE -
K12: 1 | L12: 2 | M12: 3 | N12: 4 | O12: 5 | P12: 6 | Q12: 7 | R12: 8 | S12: 9 | T12: 10 | U12: 11 | V12: 12
K13: 08 Okt - 10 Okt | L13: 11 Okt - 17 Okt | M13: 18 Okt - 24 Okt | N13: 25 Okt - 31 Okt | O13: 08 Nov - 14 Nov | P13: 15 Nov - 21 Nov | Q13: 22 Nov - 28 Nov | R13: 29 Nov - 05 Des | S13: 06 Des - 12 Des | T13: 13 Des - 19 Des | U13: 20 Des - 26 Des
A15: =BoQ!B14 -> I | B15: =BoQ!C14 -> PEKERJAAN PERSIAPAN DAN PERALATAN KERJA
A16: 1 | B16: =BoQ!C15 -> PEKERJAAN PERSIAPAN
B17: =BoQ!C16 -> 1.1 | C17: =BoQ!D16 -> Mobilisasi dan Demobilisasi Pekerja dari Semarang ke FT Lomanis/IT Cilacap | H17: =SUM(BoQ!K16:L16) -> 3616800 | I17: =H17/H$178% -> 0.111115 | J17: RENCANA | O17: =I17/7 -> 0.015873571 | P17: =O17 -> 0.015873571 | Q17: =P17 -> 0.015873571 | R17: =Q17 -> 0.015873571 | S17: =R17 -> 0.015873571 | T17: =S17 -> 0.015873571 | U17: =T17 -> 0.015873571
B18: =BoQ!C17 -> 1.2 | C18: =BoQ!D17 -> Mobilisasi Material dan Peralatan dengan Truck dari Semarang ke FT Lomanis/IT Cilacap | H18: =SUM(BoQ!K17:L17) -> 6321720 | I18: =H18/H$178% -> 0.1942153 | J18: RENCANA | O18: ='KURVA S'!I18/2 -> 0.09710765 | U18: =O18 -> 0.09710765
B19: =BoQ!C18 -> 1.3 | C19: =BoQ!D18 -> Mobilisasi Material dan Peralatan dengan Truck dari Luar Jateng & DIY ke FT Lomanis/IT Cilacap | H19: =SUM(BoQ!K18:L18) -> 5335330 | I19: =H19/H$178% -> 0.16391152 | J19: RENCANA | O19: =I19/3 -> 0.054637172
A20: 2 | B20: =BoQ!C19 -> PENYEDIAAN PERALATAN KERJA DAN SARFAS HSSE UNTUK KONTRUKSI
B21: =BoQ!C20 -> 2.1 | C21: =BoQ!D20 -> Sewa Gas Tester | H21: =SUM(BoQ!K20:L20) -> 1899520 | I21: =H21/H$178% -> 0.058356879 | J21: RENCANA | P21: =I21/5 -> 0.011671376 | Q21: =P21 -> 0.011671376 | R21: =Q21 -> 0.011671376 | S21: =Q21 -> 0.011671376 | T21: =S21 -> 0.011671376
B22: =BoQ!C21 -> 2.2 | C22: =BoQ!D21 -> Sewa Apar Powder 9 Kg | H22: =SUM(BoQ!K21:L21) -> 136192 | I22: =H22/H$178% -> 0.0041840781 | J22: RENCANA | O22: =I22/7 -> 0.00059772544 | P22: =O22 -> 0.00059772544 | Q22: =P22 -> 0.00059772544 | R22: =Q22 -> 0.00059772544 | S22: =R22 -> 0.00059772544 | T22: =S22 -> 0.00059772544 | U22: =T22 -> 0.00059772544
A23: 3 | B23: =BoQ!C22 -> Sewa Peralatan Pendukung Perbaikan & Perawatan
B24: =BoQ!C23 -> 3.1 | C24: =BoQ!D23 -> Crane 5 Ton inc BBM diluar Operator | H24: =SUM(BoQ!K23:L23) -> 20000000 | I24: =H24/H$178% -> 0.61443816 | J24: RENCANA | Q24: =I24/2 -> 0.30721908 | T24: =Q24 -> 0.30721908
B25: =BoQ!C24 -> 3.2 | C25: =BoQ!D24 -> Sewa Scafolding tubular pipe incld. platform pijakan include Scaffolder (1,7 m x 1,7m) | H25: =SUM(BoQ!K24:L24) -> 360000 | I25: =H25/H$178% -> 0.011059887 | J25: RENCANA | Q25: =I25/2 -> 0.0055299434 | T25: =Q25 -> 0.0055299434
A27: =BoQ!B26 -> II | B27: =BoQ!C26 -> PEKERJAAN ENGINEERING DAN PROJECT MANAGEMENT
A28: =BoQ!B27 -> 1 | B28: =BoQ!C27 -> PROJECT MANAGEMENT
B29: =BoQ!C28 -> 1.1 | C29: =BoQ!D28 -> Safetyman | H29: =SUM(BoQ!K28:L28) -> 21442520 | I29: =H29/H$178% -> 0.65875513 | J29: RENCANA | O29: =I29/7 -> 0.094107875 | P29: =O29 -> 0.094107875 | Q29: =P29 -> 0.094107875 | R29: =Q29 -> 0.094107875 | S29: =R29 -> 0.094107875 | T29: =S29 -> 0.094107875 | U29: =T29 -> 0.094107875
B30: =BoQ!C29 -> 1.2 | C30: =BoQ!D29 -> Rigger | H30: =SUM(BoQ!K29:L29) -> 3251780 | I30: =H30/H$178% -> 0.099900886 | J30: RENCANA | Q30: =I30/2 -> 0.049950443 | T30: =Q30 -> 0.049950443
B31: =BoQ!C30 -> 1.3 | C31: =BoQ!D30 -> Operator alat berat | H31: =SUM(BoQ!K30:L30) -> 3251780 | I31: =H31/H$178% -> 0.099900886 | J31: RENCANA | Q31: =I31/2 -> 0.049950443 | T31: =Q31 -> 0.049950443
A32: =BoQ!B31 -> 2 | B32: =BoQ!C31 -> Pemenuhan Dokumen Project & Engineering | H32: =SUM(BoQ!K31:L31) -> 0
B33: =BoQ!C32 -> 2.1 | C33: =BoQ!D32 -> Shop Drawing & Asbuilt Drawing (1 set/project) | H33: =SUM(BoQ!K32:L32) -> 1500000 | I33: =H33/H$178% -> 0.046082862 | J33: RENCANA | K33: =I33/4 -> 0.011520716 | L33: =K33 -> 0.011520716 | M33: =L33 -> 0.011520716 | N33: =M33 -> 0.011520716
B34: =BoQ!C33 -> 2.2 | C34: =BoQ!D33 -> Spesifikasi / Approval Material (1 set/project) | H34: =SUM(BoQ!K33:L33) -> 750000 | I34: =H34/H$178% -> 0.023041431 | J34: RENCANA | L34: =I34/3 -> 0.007680477 | M34: =L34 -> 0.007680477 | N34: =M34 -> 0.007680477
B35: =BoQ!C34 -> 2.3 | C35: =BoQ!D34 -> Laporan Teknis dan HSSE Bulanan (1 set/project) | H35: =SUM(BoQ!K34:L34) -> 1500000 | I35: =H35/H$178% -> 0.046082862 | J35: RENCANA | N35: =I35/3 -> 0.015360954 | R35: =N35 -> 0.015360954 | U35: =R35 -> 0.015360954
B36: =BoQ!C35 -> 2.4 | C36: =BoQ!D35 -> WPQT include report | H36: =SUM(BoQ!K35:L35) -> 7785660 | I36: =H36/H$178% -> 0.23919033 | J36: RENCANA | P36: =I36 -> 0.23919033
B37: =BoQ!C36 -> 2.5 | C37: =BoQ!D36 -> Inspection Report | H37: =SUM(BoQ!K36:L36) -> 750000 | I37: =H37/H$178% -> 0.023041431 | J37: RENCANA | U37: =I37 -> 0.023041431
B38: =BoQ!C37 -> 2.6 | C38: =BoQ!D37 -> MCU personil | H38: =SUM(BoQ!K37:L37) -> 2670720 | I38: =H38/H$178% -> 0.082049614 | J38: RENCANA | L38: =I38/3 -> 0.027349871 | M38: =L38 -> 0.027349871 | N38: =M38 -> 0.027349871
A39: =BoQ!B40 -> III | B39: =BoQ!C40 -> PERBAIKAN AREA METER 39 DAN MODIFIKASI PIPA AREA KILANG PERTAMINA
A40: =BoQ!B41 -> 1 | B40: =BoQ!C41 -> MODIFIKASI AREA PENERIMAAN (LPG)
B41: =BoQ!C42 -> 1.1 | C41: =BoQ!D42 -> Pipa API 5L grade B Ø 10" Sch. 40 | H41: =SUM(BoQ!K42:L42) -> 20602891 | I41: =H41/H$178% -> 0.63296012 | J41: RENCANA | N41: =I41 -> 0.63296012
B42: =BoQ!C43 -> 1.2 | C42: =BoQ!D43 -> Pipa API 5L grade B Ø 2" Sch. 40 | H42: =SUM(BoQ!K43:L43) -> 21878.76 | I42: =H42/H$178% -> 0.00067215725 | J42: RENCANA | N42: =I42 -> 0.00067215725
B43: =BoQ!C44 -> 1.3 | C43: =BoQ!D44 -> Elbow 90° schd. 40, 10" | H43: =SUM(BoQ!K44:L44) -> 8227400 | I43: =H43/H$178% -> 0.25276143 | J43: RENCANA | O43: =I43 -> 0.25276143
B44: =BoQ!C45 -> 1.4 | C44: =BoQ!D45 -> Tee schd. 40, 10" | H44: =SUM(BoQ!K45:L45) -> 10135480 | I44: =H44/H$178% -> 0.31138128 | J44: RENCANA | O44: =I44 -> 0.31138128
B45: =BoQ!C46 -> 1.5 | C45: =BoQ!D46 -> Weld Neck Flange #300, 10" | H45: =SUM(BoQ!K46:L46) -> 22350000 | I45: =H45/H$178% -> 0.68663464 | J45: RENCANA | O45: =I45 -> 0.68663464
B46: =BoQ!C47 -> 1.6 | C46: =BoQ!D47 -> Weld Neck Flange #150, 10" | H46: =SUM(BoQ!K47:L47) -> 8834280 | I46: =H46/H$178% -> 0.27140594 | J46: RENCANA | O46: =I46 -> 0.27140594
B47: =BoQ!C48 -> 1.7 | C47: =BoQ!D48 -> Weld Neck Flange #150, 1" | H47: =SUM(BoQ!K48:L48) -> 464660 | I47: =H47/H$178% -> 0.014275242 | J47: RENCANA | O47: =I47 -> 0.014275242
B48: =BoQ!C49 -> 1.8 | C48: =BoQ!D49 -> Weld Neck Flange #150, 1/2" | H48: =SUM(BoQ!K49:L49) -> 338140 | I48: =H48/H$178% -> 0.010388306 | J48: RENCANA | O48: =I48 -> 0.010388306
B49: =BoQ!C50 -> 1.9 | C49: =BoQ!D50 -> BALL VALVES #300 A-216 WCB, Trunnion Mounted
C50: =BoQ!D51 -> 1.9.1 | D50: =BoQ!E51 -> Ball valves #300, 10" | H50: =SUM(BoQ!K51:L51) -> 1070208600 | I50: =H50/H$178% -> 32.87885 | J50: RENCANA | N50: =I50/4 -> 8.2197125 | O50: =N50 -> 8.2197125 | P50: =O50 -> 8.2197125 | Q50: =P50 -> 8.2197125
C51: =BoQ!D52 -> 1.9.2 | D51: =BoQ!E52 -> Ball valves #150, 10" | H51: =SUM(BoQ!K52:L52) -> 493138340 | I51: =H51/H$178% -> 15.150151 | J51: RENCANA | N51: =I51/4 -> 3.7875377 | O51: =N51 -> 3.7875377 | P51: =O51 -> 3.7875377 | Q51: =P51 -> 3.7875377
C52: =BoQ!D53 -> 1.9.3 | D52: =BoQ!E53 -> Ball valves #150, 1" | H52: =SUM(BoQ!K53:L53) -> 4728410 | I52: =H52/H$178% -> 0.14526578 | J52: RENCANA | P52: =I52 -> 0.14526578
C53: =BoQ!D54 -> 1.9.4 | D53: =BoQ!E54 -> Ball valves #150, 1/2" | H53: =SUM(BoQ!K54:L54) -> 3417680 | I53: =H53/H$178% -> 0.10499765 | J53: RENCANA | P53: =I53 -> 0.10499765
B54: =BoQ!C55 -> 1.10 | C54: =BoQ!D55 -> Gasket Spiral Wound #300 SS316L 10" | H54: =SUM(BoQ!K55:L55) -> 2773280 | I54: =H54/H$178% -> 0.085200453 | J54: RENCANA | P54: =I54 -> 0.085200453
B55: =BoQ!C56 -> 1.11 | C55: =BoQ!D56 -> Gasket Spiral Wound #150 SS316L 10" | H55: =SUM(BoQ!K56:L56) -> 2374300 | I55: =H55/H$178% -> 0.072943026 | J55: RENCANA | P55: =I55 -> 0.072943026
B56: =BoQ!C57 -> 1.12 | C56: =BoQ!D57 -> Gasket Spiral Wound #150 SS316L 1" | H56: =SUM(BoQ!K57:L57) -> 140920 | I56: =H56/H$178% -> 0.0043293313 | J56: RENCANA | P56: =I56 -> 0.0043293313
B57: =BoQ!C58 -> 1.13 | C57: =BoQ!D58 -> Gasket Spiral Wound #150 SS316L 1/2" | H57: =SUM(BoQ!K58:L58) -> 79660 | I57: =H57/H$178% -> 0.0024473072 | J57: RENCANA | P57: =I57 -> 0.0024473072
B58: =BoQ!C59 -> 1.14 | C58: =BoQ!D59 -> Stud Bolt C/W 2 NUT, ASTM A193 Gr. B7 / ASTM A194 Gr. 2H 1" X 6" HITAM | H58: =SUM(BoQ!K59:L59) -> 2480000 | I58: =H58/H$178% -> 0.076190332 | J58: RENCANA | P58: =I58 -> 0.076190332
B59: =BoQ!C60 -> 1.15 | C59: =BoQ!D60 -> Stud Bolt C/W 2 NUT, ASTM A193 Gr. B7 / ASTM A194Gr. 2H 1-1/8" X 6" HITAM | H59: =SUM(BoQ!K60:L60) -> 1494950 | I59: =H59/H$178% -> 0.045927716 | J59: RENCANA | P59: =I59 -> 0.045927716
B60: =BoQ!C61 -> 1.16 | C60: =BoQ!D61 -> Stud Bolt C/W 2 NUT, ASTM A193 Gr. B7 / ASTM A194Gr. 2H 1/2" X 2-1/2" HITAM | H60: =SUM(BoQ!K61:L61) -> 57200 | I60: =H60/H$178% -> 0.0017572931 | J60: RENCANA | P60: =I60 -> 0.0017572931
B61: =BoQ!C62 -> 1.17 | C61: =BoQ!D62 -> Stud Bolt C/W 2 NUT, ASTM A193 Gr. B7 / ASTM A194 Gr. 2H 1/2" X 2-1/4" HITAM | H61: =SUM(BoQ!K62:L62) -> 44780 | I61: =H61/H$178% -> 0.001375727 | J61: RENCANA | P61: =I61 -> 0.001375727
B62: =BoQ!C63 -> 1.18 | C62: =BoQ!D63 -> Sockolet Sch 40
C63: =BoQ!D64 -> 1.18.1 | D63: =BoQ!E64 -> Size Ø 1/2" x 10 | H63: =SUM(BoQ!K64:L64) -> 66665 | I63: =H63/H$178% -> 0.002048076 | J63: RENCANA | P63: =I63 -> 0.002048076
C64: =BoQ!D65 -> 1.18.2 | D64: =BoQ!E65 -> Size Ø 1" x 10 | H64: =SUM(BoQ!K65:L65) -> 76000 | I64: =H64/H$178% -> 0.002334865 | J64: RENCANA | P64: =I64 -> 0.002334865
B65: =BoQ!C66 -> 1.19 | C65: =BoQ!D66 -> Handling / Stringing and Aligning pipa ø10" | H65: =SUM(BoQ!K66:L66) -> 688680 | I65: =H65/H$178% -> 0.021157564 | J65: RENCANA | Q65: =I65 -> 0.021157564
B66: =BoQ!C67 -> 1.20 | C66: =BoQ!D67 -> Pengangkutan hasil bongkaran Pipa ø10" | H66: =SUM(BoQ!K67:L67) -> 860800 | I66: =H66/H$178% -> 0.026445418 | J66: RENCANA | Q66: =I66 -> 0.026445418
B67: =BoQ!C68 -> 1.21 | C67: =BoQ!D68 -> Pengelasan Welded Neck Flange #300
C68: =BoQ!D69 -> 1.21.1 | D68: =BoQ!E69 -> Flange ø10" #300 | H68: =SUM(BoQ!K69:L69) -> 5815920 | I68: =H68/H$178% -> 0.17867616 | J68: RENCANA | Q68: =I68 -> 0.17867616
C69: =BoQ!D70 -> 1.21.2 | D69: =BoQ!E70 -> Flange ø10" #150 | H69: =SUM(BoQ!K70:L70) -> 3328850 | I69: =H69/H$178% -> 0.10226862 | J69: RENCANA | Q69: =I69 -> 0.10226862
C70: =BoQ!D71 -> 1.21.3 | D70: =BoQ!E71 -> Flange ø2" #150 dan dibawahnya | H70: =SUM(BoQ!K71:L71) -> 634880 | I70: =H70/H$178% -> 0.019504725 | J70: RENCANA | Q70: =I70 -> 0.019504725
B71: =BoQ!C72 -> 1.22 | C71: =BoQ!D72 -> Pekerjaan Bolting-ups Flange #300
C72: =BoQ!D73 -> 1.22.1 | D72: =BoQ!E73 -> Flange ø10" #300 | H72: =SUM(BoQ!K73:L73) -> 5815920 | I72: =H72/H$178% -> 0.17867616 | J72: RENCANA | R72: =I72 -> 0.17867616
C73: =BoQ!D74 -> 1.22.2 | D73: =BoQ!E74 -> Flange ø10" #150 | H73: =SUM(BoQ!K74:L74) -> 3328850 | I73: =H73/H$178% -> 0.10226862 | J73: RENCANA | R73: =I73 -> 0.10226862
C74: =BoQ!D75 -> 1.22.3 | D74: =BoQ!E75 -> Flange ø2" #150 dan dibawahnya | H74: =SUM(BoQ!K75:L75) -> 634880 | I74: =H74/H$178% -> 0.019504725 | J74: RENCANA | R74: =I74 -> 0.019504725
B75: =BoQ!C76 -> 1.23 | C75: =BoQ!D76 -> Pekerjaan Unbolting Flange #150
C76: =BoQ!D77 -> 1.23.1 | D76: =BoQ!E77 -> Flange ø10" #150 | H76: =SUM(BoQ!K77:L77) -> 5991930 | I76: =H76/H$178% -> 0.18408352 | J76: RENCANA | Q76: =I76 -> 0.18408352
C77: =BoQ!D78 -> 1.23.2 | D77: =BoQ!E78 -> Flange ø2" #150 dan dibawahnya | H77: =SUM(BoQ!K78:L78) -> 634880 | I77: =H77/H$178% -> 0.019504725 | J77: RENCANA | Q77: =I77 -> 0.019504725
B78: =BoQ!C79 -> 1.24 | C78: =BoQ!D79 -> Pekerjaan Unbolting Flange #300
C79: =BoQ!D80 -> 1.24.1 | D79: =BoQ!E80 -> Flange ø8" #300 | H79: =SUM(BoQ!K80:L80) -> 1110220 | I79: =H79/H$178% -> 0.034108077 | J79: RENCANA | Q79: =I79 -> 0.034108077
C80: =BoQ!D81 -> 1.24.2 | D80: =BoQ!E81 -> Flange ø10" #300 | H80: =SUM(BoQ!K81:L81) -> 1453980 | I80: =H80/H$178% -> 0.04466904 | J80: RENCANA | Q80: =I80 -> 0.04466904
B81: =BoQ!C82 -> 1.25 | C81: =BoQ!D82 -> Penyetelan dan Pengelasan Elbow 90 ø10" | H81: =SUM(BoQ!K82:L82) -> 4861960 | I81: =H81/H$178% -> 0.14936869 | J81: RENCANA | Q81: =I81 -> 0.14936869
B82: =BoQ!C83 -> 1.26 | C82: =BoQ!D83 -> Penyetelan dan Pengelasan Tee Equal ø10" | H82: =SUM(BoQ!K83:L83) -> 7299540 | I82: =H82/H$178% -> 0.2242558 | J82: RENCANA | Q82: =I82 -> 0.2242558
B83: =BoQ!C84 -> 1.27 | C83: =BoQ!D84 -> Pembongkaran 2 Flange Accessories #150 (GV, BV, Check Valve, Flexible Pipe, Spool etc)
C84: =BoQ!D85 -> 1.27.1 | D84: =BoQ!E85 -> Pembongkaran 2 Flange Accessories ø10" | H84: =SUM(BoQ!K85:L85) -> 490960 | I84: =H84/H$178% -> 0.015083228 | J84: RENCANA | Q84: =I84 -> 0.015083228
B85: =BoQ!C86 -> 1.28 | C85: =BoQ!D86 -> Penyetelan dan Pemasangan 2 Flange Accessories #300 (GV, BV, Check Valve, Flexible Pipe, Spool etc)
C86: =BoQ!D87 -> 1.28.1 | D86: =BoQ!E87 -> Penyetelan dan Pemasangan 2 Flange Accessories ø10" | H86: =SUM(BoQ!K87:L87) -> 1726800 | I86: =H86/H$178% -> 0.053050591 | J86: RENCANA | R86: =I86 -> 0.053050591
B87: =BoQ!C88 -> 1.29 | C87: =BoQ!D88 -> Coating External Pipe, 3 layer total DFT 250 Micron menggunakan Roller Brush
C88: =BoQ!D89 -> 1.29.1 | D88: =BoQ!E89 -> Primer Coat (Anti corrosion surface tolerant epoxy + thinner) DFT 100 micron | H88: =SUM(BoQ!K89:L89) -> 1098391.2 | I88: =H88/H$178% -> 0.033744672 | J88: RENCANA | R88: =I88/2 -> 0.016872336 | S88: =R88 -> 0.016872336
C89: =BoQ!D90 -> 1.29.2 | D89: =BoQ!E90 -> Intermediate Coat (High Build – High Solid Epoxy + thinner) DFT 100 micron | H89: =SUM(BoQ!K90:L90) -> 926730.74 | I89: =H89/H$178% -> 0.028470937 | J89: RENCANA | S89: =I89 -> 0.028470937
C90: =BoQ!D91 -> 1.29.3 | D90: =BoQ!E91 -> Finish Coat (Polyurethane + thinner) DFT 50 micron | H90: =SUM(BoQ!K91:L91) -> 975590.36 | I90: =H90/H$178% -> 0.029971997 | J90: RENCANA | S90: =I90 -> 0.029971997
A91: =BoQ!B92 -> 2 | B91: =BoQ!C92 -> MODIFIKASI PIPA AREA METER 39
B92: =BoQ!C93 -> 2.1 | C92: =BoQ!D93 -> Pipa API 5L grade B Ø 6" Sch. 40 | H92: =SUM(BoQ!K93:L93) -> 10083956 | I92: =H92/H$178% -> 0.30979838 | J92: RENCANA | N92: =I92 -> 0.30979838
B93: =BoQ!C94 -> 2.2 | C93: =BoQ!D94 -> Pipa API 5L grade B Ø 10" Sch. 40 | H93: =SUM(BoQ!K94:L94) -> 26245531 | I93: =H93/H$178% -> 0.80631278 | J93: RENCANA | N93: =I93 -> 0.80631278
B94: =BoQ!C95 -> 2.3 | C94: =BoQ!D95 -> Pipa ASTM A53 Grade B Ø 1" Sch. 40 | H94: =SUM(BoQ!K95:L95) -> 1483.4 | I94: =H94/H$178% -> 4.5572878e-05 | J94: RENCANA | N94: =I94 -> 4.5572878e-05
B95: =BoQ!C96 -> 2.4 | C95: =BoQ!D96 -> Elbow 90° schd. 40, 6" | H95: =SUM(BoQ!K96:L96) -> 4562880 | I95: =H95/H$178% -> 0.14018038 | J95: RENCANA | O95: =I95 -> 0.14018038
B96: =BoQ!C97 -> 2.5 | C96: =BoQ!D97 -> Elbow 90° schd. 40, 10" | H96: =SUM(BoQ!K97:L97) -> 16454800 | I96: =H96/H$178% -> 0.50552285 | J96: RENCANA | O96: =I96 -> 0.50552285
B97: =BoQ!C98 -> 2.6 | C97: =BoQ!D98 -> Elbow 90° schd. 40, 1" | H97: =SUM(BoQ!K98:L98) -> 66600 | I97: =H97/H$178% -> 0.0020460791 | J97: RENCANA | O97: =I97 -> 0.0020460791
B98: =BoQ!C99 -> 2.7 | C98: =BoQ!D99 -> Concentric Reducer Sch. 40, 10" x 6" | H98: =SUM(BoQ!K99:L99) -> 1843520 | I98: =H98/H$178% -> 0.056636452 | J98: RENCANA | O98: =I98 -> 0.056636452
B99: =BoQ!C100 -> 2.8 | C99: =BoQ!D100 -> Tee schd. 40, 10" | H99: =SUM(BoQ!K100:L100) -> 10135480 | I99: =H99/H$178% -> 0.31138128 | J99: RENCANA | O99: =I99 -> 0.31138128
B100: =BoQ!C101 -> 2.9 | C100: =BoQ!D101 -> Tee schd. 40, 6" | H100: =SUM(BoQ!K101:L101) -> 2816400 | I100: =H100/H$178% -> 0.086525182 | J100: RENCANA | O100: =I100 -> 0.086525182
B101: =BoQ!C102 -> 2.10 | C101: =BoQ!D102 -> Sockolet Sch 40
C102: =BoQ!D103 -> 2.10.1 | D102: =BoQ!E103 -> Size Ø 1" x 10 | H102: =SUM(BoQ!K103:L103) -> 152000 | I102: =H102/H$178% -> 0.00466973 | J102: RENCANA | P102: =I102 -> 0.00466973
B103: =BoQ!C104 -> 2.11 | C103: =BoQ!D104 -> Pressure Gauge 0-10 bar liquid 1/2 size display 100mm | H103: =SUM(BoQ!K104:L104) -> 4193320 | I103: =H103/H$178% -> 0.12882679 | J103: RENCANA | P103: =I103 -> 0.12882679
B104: =BoQ!C105 -> 2.12 | C104: =BoQ!D105 -> Weld Neck Flange #300, 10" | H104: =SUM(BoQ!K105:L105) -> 52150000 | I104: =H104/H$178% -> 1.6021475 | J104: RENCANA | P104: =I104 -> 1.6021475
B105: =BoQ!C106 -> 2.13 | C105: =BoQ!D106 -> Weld Neck Flange #150, 10" | H105: =SUM(BoQ!K106:L106) -> 5889520 | I105: =H105/H$178% -> 0.18093729 | J105: RENCANA | P105: =I105 -> 0.18093729
B106: =BoQ!C107 -> 2.14 | C106: =BoQ!D107 -> Weld Neck Flange #300, 6" | H106: =SUM(BoQ!K107:L107) -> 3173320 | I106: =H106/H$178% -> 0.097490445 | J106: RENCANA | P106: =I106 -> 0.097490445
B107: =BoQ!C108 -> 2.15 | C107: =BoQ!D108 -> Weld Neck Flange #150, 6" | H107: =SUM(BoQ!K108:L108) -> 8126520 | I107: =H107/H$178% -> 0.2496622 | J107: RENCANA | P107: =I107 -> 0.2496622
...

Sheet link
B4: BILL OF QUANTITY (BoQ) JASA & MATERIAL SUPPORT
B6: Pekerjaan | F6: : | G6: Kontrak Payung Cleaning, Coating Dan Perbaikan Tangki Timbun dan Perpipaan Regional JBT
B7: Lokasi | F7: : | G7: All
B8: Mata Anggaran | F8: : | G8: ABO
B9: Project Owner | F9: : | G9: S&D Regional JBT
B11: No. | C11: URAIAN PEKERJAAN | O11: VOLUME | Q11: HARGA SATUAN (Rp) | S11: JUMLAH HARGA (Rp)
Q12: MATERIAL | R12: JASA | S12: MATERIAL | T12: JASA
B13: A. | C13: JASA
B14: I | C14: PEKERJAAN PERSIAPAN, ENGINEERING DAN PROJECT MANAGEMENT
B15: 1 | C15: Direksi Kit Container Ukuran 20 ft | O15: 1 | P15: Month | Q15: ='master jasa'!Q13 -> 0 | R15: ='master jasa'!R13 -> 11324600 | T15: =R15*O15 -> 11324600
B16: 2 | C16: Direksi Kit Bangunan Kelas 3 | O16: 1 | P16: m2 | Q16: ='master jasa'!Q14 -> 0 | R16: ='master jasa'!R14 -> 1761180 | T16: =R16*O16 -> 1761180
B17: 3 | C17: Sewa Tempat Tinggal Pekerja di Lokasi | J17: (sesuai durasi pekerjaan) | O17: 1 | P17: unit/month | Q17: ='master jasa'!Q15 -> 0 | R17: ='master jasa'!R15 -> 2418000 | T17: =R17*O17 -> 2418000
B18: 4 | C18: Sewa Mobil Operasional Area Jateng & DIY termasuk O&M | O18: 1 | P18: unit/month | Q18: ='master jasa'!Q16 -> 0 | R18: ='master jasa'!R16 -> 15327770 | T18: =R18*O18 -> 15327770
B19: 5 | C19: Mobilisasi dan Demobilisasi Pekerja dari Semarang ke FT Tegal | O19: 1 | P19: Trip.org | Q19: ='master jasa'!Q17 -> 0 | R19: ='master jasa'!R17 -> 207400 | T19: =R19*O19 -> 207400
B20: 6 | C20: Mobilisasi dan Demobilisasi Pekerja dari Semarang ke FT Lomanis/IT Cilacap | O20: 1 | P20: Trip.org | Q20: ='master jasa'!Q18 -> 0 | R20: ='master jasa'!R18 -> 301400 | T20: =R20*O20 -> 301400
B21: 7 | C21: Mobilisasi dan Demobilisasi Pekerja dari Semarang ke FT Maos | O21: 1 | P21: Trip.org | Q21: ='master jasa'!Q19 -> 0 | R21: ='master jasa'!R19 -> 287580 | T21: =R21*O21 -> 287580
B22: 8 | C22: Mobilisasi dan Demobilisasi Pekerja dari Semarang ke FT Lomanis - Booster Kutowinangun | O22: 1 | P22: Trip.org | Q22: ='master jasa'!Q20 -> 0 | R22: ='master jasa'!R20 -> 301400 | T22: =R22*O22 -> 301400
B23: 9 | C23: Mobilisasi dan Demobilisasi Pekerja dari Semarang ke AT Yogyakarta International Airport | O23: 1 | P23: Trip.org | Q23: ='master jasa'!Q21 -> 0 | R23: ='master jasa'!R21 -> 259720 | T23: =R23*O23 -> 259720
B24: 10 | C24: Mobilisasi dan Demobilisasi Pekerja dari Semarang ke FT Rewulu | O24: 1 | P24: Trip.org | Q24: ='master jasa'!Q22 -> 0 | R24: ='master jasa'!R22 -> 259720 | T24: =R24*O24 -> 259720
B25: 11 | C25: Mobilisasi dan Demobilisasi Pekerja dari Semarang ke AT Adi Sucipto | O25: 1 | P25: Trip.org | Q25: ='master jasa'!Q23 -> 0 | R25: ='master jasa'!R23 -> 259720 | T25: =R25*O25 -> 259720
B26: 12 | C26: Mobilisasi dan Demobilisasi Pekerja dari Semarang ke AT Adi Soemarmo | O26: 1 | P26: Trip.org | Q26: ='master jasa'!Q24 -> 0 | R26: ='master jasa'!R24 -> 242060 | T26: =R26*O26 -> 242060
B27: 13 | C27: Mobilisasi dan Demobilisasi Pekerja dari Semarang ke FT Boyolali | O27: 1 | P27: Trip.org | Q27: ='master jasa'!Q25 -> 0 | R27: ='master jasa'!R25 -> 242060 | T27: =R27*O27 -> 242060
B28: 14 | C28: Mobilisasi dan Demobilisasi Pekerja dari Semarang ke FT Boyolali - Cepu | O28: 1 | P28: Trip.org | Q28: ='master jasa'!Q26 -> 0 | R28: ='master jasa'!R26 -> 296470 | T28: =R28*O28 -> 296470
B29: 15 | C29: Mobilisasi Material dan Peralatan dari Semarang ke FT Tegal | O29: 1 | P29: kg | Q29: ='master jasa'!Q27 -> 0 | R29: ='master jasa'!R27 -> 537.07 | T29: =R29*O29 -> 537.07
... B78: 64 | C78: Mobilisasi Material dan Peralatan dengan Trailer dari Luar Jateng & DIY ke FT Boyolali-Cepu | O78: 1 | P78: Trip | Q78: ='master jasa'!Q76 -> 0 | R78: ='master jasa'!R76 -> 8369190 | T78: =R78*O78 -> 8369190
B79: 65 | C79: Penyediaan Peralatan Kerja dan Sarfas HSSE untuk Kontruksi : | Q79: ='master jasa'!Q77 -> 0 | R79: ='master jasa'!R77 -> 0
B80: a. | C80: Sewa Blower Explossion Proof Portable | O80: 1 | P80: UD | Q80: ='master jasa'!Q78 -> 0 | R80: ='master jasa'!R78 -> 22747.06 | T80: =R80*O80 -> 22747.06
B81: b. | C81: Sewa Pompa Air Mesin Diesel 5 kW | O81: 1 | P81: UD | Q81: ='master jasa'!Q79 -> 0 | R81: ='master jasa'!R79 -> 669010 | T81: =R81*O81 -> 669010
B82: c. | C82: Sewa Genset 10 kVA, include BBM, Pelumas, Operator dan Maintenance | O82: 1 | P82: UD | Q82: ='master jasa'!Q80 -> 0 | R82: ='master jasa'!R80 -> 2292980 | T82: =R82*O82 -> 2292980
B83: d. | C83: Sewa Genset 5 kVA, include BBM, Pelumas, Operator dan Maintenance | O83: 1 | P83: UD | Q83: ='master jasa'!Q81 -> 0 | R83: ='master jasa'!R81 -> 1966320 | T83: =R83*O83 -> 1966320
B84: e. | C84: Sewa Gas Tester | O84: 1 | P84: UD | Q84: ='master jasa'!Q82 -> 0 | R84: ='master jasa'!R82 -> 135680 | T84: =R84*O84 -> 135680
B85: f. | C85: Sewa Lampu Penerangan (Explosion Proof Lamp) min. 100 Watt | O85: 1 | P85: UD | Q85: ='master jasa'!Q83 -> 0 | R85: ='master jasa'!R83 -> 38650 | T85: =R85*O85 -> 38650
B86: g. | C86: Sewa Welding Habitat | O86: 1 | P86: unit | Q86: ='master jasa'!Q84 -> 0 | R86: ='master jasa'!R84 -> 5558430 | T86: =R86*O86 -> 5558430
B87: h. | C87: Pembuatan Tirai Air include air tawar inc peralatan (Selang & tools) | O87: 1 | P87: m2 | Q87: ='master jasa'!Q85 -> 0 | R87: ='master jasa'!R85 -> 506100 | T87: =R87*O87 -> 506100
B88: i. | C88: Sewa Selang (Composite Hose) size 2,5" x9m | O88: 1 | P88: UD | Q88: ='master jasa'!Q86 -> 0 | R88: ='master jasa'!R86 -> 43870 | T88: =R88*O88 -> 43870
B89: j. | C89: Sewa Selang (Composite Hose) size 3" x9m | O89: 1 | P89: UD | Q89: ='master jasa'!Q87 -> 0 | R89: ='master jasa'!R87 -> 52640 | T89: =R89*O89 -> 52640
B90: k. | C90: Sewa Selang (Composite Hose) size 4" x9m | O90: 1 | P90: UD | Q90: ='master jasa'!Q88 -> 0 | R90: ='master jasa'!R88 -> 61420 | T90: =R90*O90 -> 61420
B91: l. | C91: Sewa Wind Barrier untuk Outer Roof & Shell Tangki | O91: 1 | P91: m2 | Q91: ='master jasa'!Q89 -> 0 | R91: ='master jasa'!R89 -> 58210 | T91: =R91*O91 -> 58210
... B95: p. | C95: Sewa Kompresor | O95: 1 | P95: UD | Q95: ='master jasa'!Q93 -> 0 | R95: ='master jasa'!R93 -> 326920 | T95: =R95*O95 -> 326920
Q96: ='master jasa'!Q94 -> 0 | R96: ='master jasa'!R94 -> 0
B97: 66 | C97: Sewa Peralatan Purging N2 | Q97: ='master jasa'!Q95 -> 0 | R97: ='master jasa'!R95 -> 0
B98: a. | C98: Isotank 14 Ton atau Setara, 1 Unit | O98: 1 | P98: UD | Q98: ='master jasa'!Q96 -> 0 | R98: ='master jasa'!R96 -> 3200000 | T98: =R98*O98 -> 3200000
B99: b. | C99: Evaporator @1.000 Nm³/Hr, MP, 1 Unit | O99: 1 | P99: UD | Q99: ='master jasa'!Q97 -> 0 | R99: ='master jasa'!R97 -> 1600000 | T99: =R99*O99 -> 1600000
B100: c. | C100: Manifold & Aksesoris, 1 Set | O100: 1 | P100: UD | Q100: ='master jasa'!Q98 -> 0 | R100: ='master jasa'!R98 -> 500000 | T100: =R100*O100 -> 500000
B101: d. | C101: Flexible Hose, 1 Set, 100 Meter | O101: 1 | P101: UD | Q101: ='master jasa'!Q99 -> 0 | R101: ='master jasa'!R99 -> 500000 | T101: =R101*O101 -> 500000
B102: e. | C102: Central Regulator, 1 Unit | O102: 1 | P102: UD | Q102: ='master jasa'!Q100 -> 0 | R102: ='master jasa'!R100 -> 1000000 | T102: =R102*O102 -> 1000000
B103: f. | C103: Consumable Material (Mur, Baut, Packing, Shock Drat, Tee) SS | O103: 1 | P103: Ls | Q103: ='master jasa'!Q101 -> 0 | R103: ='master jasa'!R101 -> 1000000 | T103: =R103*O103 -> 1000000
B104: g. | C104: O2 Detector, 1 Unit | O104: 1 | P104: UD | Q104: ='master jasa'!Q102 -> 0 | R104: ='master jasa'!R102 -> 1500000 | T104: =R104*O104 -> 1500000
B105: h. | C105: Dew Point Meter, 1 Unit | O105: 1 | P105: UD | Q105: ='master jasa'!Q103 -> 0 | R105: ='master jasa'!R103 -> 1500000 | T105: =R105*O105 -> 1500000
Q106: ='master jasa'!Q104 -> 0 | R106: ='master jasa'!R104 -> 0
B107: 67 | C107: Sewa Peralatan Pendukung Perbaikan & Perawatan | Q107: ='master jasa'!Q105 -> 0 | R107: ='master jasa'!R105 -> 0
B108: a. | C108: Crane 25 Ton inc BBM diluar Operator | O108: 1 | P108: UD | Q108: ='master jasa'!Q106 -> 0 | R108: ='master jasa'!R106 -> 8732270 | T108: =R108*O108 -> 8732270
B109: b. | C109: Crane 10 Ton inc BBM diluar Operator | O109: 1 | P109: UD | Q109: ='master jasa'!Q107 -> 0 | R109: ='master jasa'!R107 -> 6500000 | T109: =R109*O109 -> 6500000
B110: c. | C110: Crane 5 Ton inc BBM diluar Operator | O110: 1 | P110: UD | Q110: ='master jasa'!Q108 -> 0 | R110: ='master jasa'!R108 -> 5000000 | T110: =R110*O110 -> 5000000
B111: d. | C111: Mesin Roll | O111: 1 | P111: UD | Q111: ='master jasa'!Q109 -> 0 | R111: ='master jasa'!R109 -> 2199760 | T111: =R111*O111 -> 2199760
B112: e. | C112: Perahu | O112: 1 | P112: UD | Q112: ='master jasa'!Q110 -> 0 | R112: ='master jasa'!R110 -> 200000 | T112: =R112*O112 -> 200000
B113: f. | C113: Sewa Scafolding tubular pipe incld. platform pijakan include Scaffolder (1,7 m x 1,7m) | O113: 1 | P113: Set/Month | Q113: ='master jasa'!Q111 -> 0 | R113: ='master jasa'!R111 -> 180000 | T113: =R113*O113 -> 180000
Q114: ='master jasa'!Q112 -> 0 | R114: ='master jasa'!R112 -> 0
B115: 68 | C115: Project Management (Kualifikasi dan Jumlah Personil sesuai dengan Kriteria Evaluasi Teknis dalam RKS) | Q115: ='master jasa'!Q113 -> 0 | R115: ='master jasa'!R113 -> 0
B116: a. | C116: Project Manager | O116: 1 | P116: MD | Q116: ='master jasa'!Q114 -> 0 | R116: ='master jasa'!R114 -> 1216440 | T116: =R116*O116 -> 1216440
B117: b. | C117: Site Manager | O117: 1 | P117: MD | Q117: ='master jasa'!Q115 -> 0 | R117: ='master jasa'!R115 -> 1099330 | T117: =R117*O117 -> 1099330
B118: c. | C118: Civil Engineer | O118: 1 | P118: MD | Q118: ='master jasa'!Q116 -> 0 | R118: ='master jasa'!R116 -> 1040770 | T118: =R118*O118 -> 1040770
B119: d. | C119: Piping Engineer | O119: 1 | P119: MD | Q119: ='master jasa'!Q117 -> 0 | R119: ='master jasa'!R117 -> 1040770 | T119: =R119*O119 -> 1040770
B120: e. | C120: Electrical Engineer | O120: 1 | P120: MD | Q120: ='master jasa'!Q118 -> 0 | R120: ='master jasa'!R118 -> 1040770 | T120: =R120*O120 -> 1040770
B121: f. | C121: Instrument Engineer | O121: 1 | P121: MD | Q121: ='master jasa'!Q119 -> 0 | R121: ='master jasa'!R119 -> 1040770 | T121: =R121*O121 -> 1040770
B122: g. | C122: Mechanical Engineer | O122: 1 | P122: MD | Q122: ='master jasa'!Q120 -> 0 | R122: ='master jasa'!R120 -> 1040770 | T122: =R122*O122 -> 1040770
B123: h. | C123: Safetyman | O123: 1 | P123: MD | Q123: ='master jasa'!Q121 -> 0 | R123: ='master jasa'!R121 -> 487330 | T123: =R123*O123 -> 487330
B124: i. | C124: Inspektor Tangki Penimbun | O124: 1 | P124: MD | Q124: ='master jasa'!Q122 -> 0 | R124: ='master jasa'!R122 -> 487330 | T124: =R124*O124 -> 487330
B125: j. | C125: Surveyor | O125: 1 | P125: MD | Q125: ='master jasa'!Q123 -> 0 | R125: ='master jasa'!R123 -> 460880 | T125: =R125*O125 -> 460880
B126: k. | C126: Drafter | O126: 1 | P126: MD | Q126: ='master jasa'!Q124 -> 0 | R126: ='master jasa'!R124 -> 487330 | T126: =R126*O126 -> 487330
B127: l. | C127: Document Control | O127: 1 | P127: MD | Q127: ='master jasa'!Q125 -> 0 | R127: ='master jasa'!R125 -> 279550 | T127: =R127*O127 -> 279550
... B133: r. | C133: Driver | O133: 1 | P133: MD | Q133: ='master jasa'!Q131 -> 0 | R133: ='master jasa'!R131 -> 184340 | T133: =R133*O133 -> 184340
Q134: ='master jasa'!Q132 -> 0 | R134: ='master jasa'!R132 -> 0
B135: 69 | C135: Jasa Kerja Maintenance dan Perawatan Harian | Q135: ='master jasa'!Q133 -> 0 | R135: ='master jasa'!R133 -> 0
B136: a. | C136: Pengawas Kerja Harian | O136: 1 | P136: MD | Q136: ='master jasa'!Q134 -> 0 | R136: ='master jasa'!R134 -> 247020 | T136: =R136*O136 -> 247020
B137: b. | C137: Tenaga Kerja Harian | O137: 1 | P137: MD | Q137: ='master jasa'!Q135 -> 0 | R137: ='master jasa'!R135 -> 184340 | T137: =R137*O137 -> 184340
Q138: ='master jasa'!Q136 -> 0 | R138: ='master jasa'!R136 -> 0
B139: 70 | C139: Pemenuhan Dokumen Project & Engineering | Q139: ='master jasa'!Q137 -> 0 | R139: ='master jasa'!R137 -> 0
B140: a. | C140: Shop Drawing & Asbuilt Drawing (1 set/project) | O140: 1 | P140: Set | Q140: ='master jasa'!Q138 -> 0 | R140: ='master jasa'!R138 -> 1500000 | T140: =R140*O140 -> 1500000
B141: b. | C141: Verifikasi Desain / Calculation Document (1 set/project) | O141: 1 | P141: Set | Q141: ='master jasa'!Q139 -> 0 | R141: ='master jasa'!R139 -> 750000 | T141: =R141*O141 -> 750000
B142: c. | C142: Spesifikasi / Approval Material (1 set/project) | O142: 1 | P142: Set | Q142: ='master jasa'!Q140 -> 0 | R142: ='master jasa'!R140 -> 750000 | T142: =R142*O142 -> 750000
B143: d. | C143: Laporan Teknis dan HSSE Bulanan (1 set/project) | O143: 1 | P143: Set | Q143: ='master jasa'!Q141 -> 0 | R143: ='master jasa'!R141 -> 1500000 | T143: =R143*O143 -> 1500000
B144: e. | C144: Laporan Desain dan Test (1 set/project) | O144: 1 | P144: Set | Q144: ='master jasa'!Q142 -> 0 | R144: ='master jasa'!R142 -> 750000 | T144: =R144*O144 -> 750000
B145: f. | C145: WPQT include report | O145: 1 | P145: Welder | Q145: ='master jasa'!Q143 -> 0 | R145: ='master jasa'!R143 -> 7785660 | T145: =R145*O145 -> 7785660
B146: g. | C146: MCU personil | O146: 1 | P146: org | Q146: ='master jasa'!Q144 -> 0 | R146: ='master jasa'!R144 -> 445120 | T146: =R146*O146 -> 445120
B147: h. | C147: Inspection Report | O147: 1 | P147: Set | Q147: ='master jasa'!Q145 -> 0 | R147: ='master jasa'!R145 -> 750000 | T147: =R147*O147 -> 750000
Q148: ='master jasa'!Q148 -> 0 | R148: ='master jasa'!R148 -> 0
B149: II | C149: PEKERJAAN TANK CLEANING | Q149: ='master jasa'!Q149 -> 0 | R149: ='master jasa'!R149 -> 0
B150: 1 | C150: Pekerjaan Intertank dan Pengosongan Produk di Tangki/Pipa (Metode Intertank Pompa Membrane) | Q150: ='master jasa'!Q150 -> 0 | R150: ='master jasa'!R150 -> 0
B151: 1.1 | C151: Intertank Produk MDO / MFO | O151: 1 | P151: liter | Q151: ='master jasa'!Q151 -> 0 | R151: ='master jasa'!R151 -> 463 | T151: =R151*O151 -> 463
B152: 1.2 | C152: Intertank Produk Avtur / Pertalite / Pertamax / Px.Turbo / Solar / Fame / Dex / Dexlite dan lainnya selain MDO/MFO | O152: 1 | P152: liter | Q152: ='master jasa'!Q152 -> 0 | R152: ='master jasa'!R152 -> 463 | T152: =R152*O152 -> 463
B153: 1.3 | C153: Drain Produk Isi Pipa MDO / MFO | O153: 1 | P153: liter | Q153: ='master jasa'!Q153 -> 0 | R153: ='master jasa'!R153 -> 463 | T153: =R153*O153 -> 463
B154: 1.4 | C154: Drain Produk Isi Pipa Avtur / Pertalite / Pertamax / Px.Turbo / Solar / Fame / Dex / Dexlite dan lainnya selain MDO/MFO | O154: 1 | P154: liter | Q154: ='master jasa'!Q154 -> 0 | R154: ='master jasa'!R154 -> 463 | T154: =R154*O154 -> 463
B155: 1.5 | C155: Pemindahan drum isi produk ex drain ke sumptank | O155: 1 | P155: liter | Q155: ='master jasa'!Q155 -> 0 | R155: ='master jasa'!R155 -> 178 | T155: =R155*O155 -> 178
B156: 1.6 | C156: Pekerjaan Pengosongan Gas LPG | O156: 1 | P156: MT | Q156: ='master jasa'!Q156 -> 0 | R156: ='master jasa'!R156 -> 146246 | T156: =R156*O156 -> 146246
B157: 1.7 | C157: Drain produk isi pipa inlet atau outlet untuk pemasangan blind flange isolation | O157: 1 | P157: liter | Q157: ='master jasa'!Q157 -> 0 | R157: ='master jasa'!R157 -> 463 | T157: =R157*O157 -> 463
B158: 1.8 | C158: Pemindahan drum isi produk ex drain ke sumptank | O158: 1 | P158: liter | Q158: ='master jasa'!Q158 -> 0 | R158: ='master jasa'!R158 -> 178 | T158: =R158*O158 -> 178
B159: 2 | C159: Pekerjaan Cleaning Tangki Timbun | Q159: ='master jasa'!Q159 -> 0 | R159: ='master jasa'!R159 -> 0
B160: 2.1 | C160: Cleaning Sludge kedalam karung, include handling pemindahan ke drying bed | O160: 1 | P160: liter | Q160: ='master jasa'!Q160 -> 0 | R160: ='master jasa'!R160 -> 178 | T160: =R160*O160 -> 178
B161: 2.2 | C161: Cleaning Sludge kedalam drum, include handling pemindahan ke drying bed | O161: 1 | P161: liter | Q161: ='master jasa'!Q161 -> 0 | R161: ='master jasa'!R161 -> 178 | T161: =R161*O161 -> 178
...

Sheet master jasa
B3: BILL OF QUANTITY (BoQ) JASA & MATERIAL SUPPORT
B5: Pekerjaan | F5: : | G5: Kontrak Payung Cleaning, Coating Dan Perbaikan Tangki Timbun dan Perpipaan Regional JBT
B6: Lokasi | F6: : | G6: All
B7: Mata Anggaran | F7: : | G7: ABO
B8: Project Owner | F8: : | G8: S&D Regional JBT
B10: No. | C10: URAIAN PEKERJAAN | O10: VOLUME | Q10: HARGA SATUAN (Rp) | S10: JUMLAH HARGA (Rp)
Q11: MATERIAL | R11: JASA | S11: MATERIAL | T11: JASA
B12: I | C12: PEKERJAAN PERSIAPAN, ENGINEERING DAN PROJECT MANAGEMENT
B13: 1 | C13: Direksi Kit Container Ukuran 20 ft | O13: 1 | P13: Month | R13: 11324600 | T13: =R13*O13 -> 11324600
B14: 2 | C14: Direksi Kit Bangunan Kelas 3 | O14: 1 | P14: m2 | R14: 1761180 | T14: =R14*O14 -> 1761180
B15: 3 | C15: Sewa Tempat Tinggal Pekerja di Lokasi | J15: (sesuai durasi pekerjaan) | O15: 1 | P15: unit/month | R15: 2418000 | T15: =R15*O15 -> 2418000
B16: 4 | C16: Sewa Mobil Operasional Area Jateng & DIY termasuk O&M | O16: 1 | P16: unit/month | R16: 15327770 | T16: =R16*O16 -> 15327770
B17: 5 | C17: Mobilisasi dan Demobilisasi Pekerja dari Semarang ke FT Tegal | O17: 1 | P17: Trip.org | R17: 207400 | T17: =R17*O17 -> 207400
B18: 6 | C18: Mobilisasi dan Demobilisasi Pekerja dari Semarang ke FT Lomanis/IT Cilacap | O18: 1 | P18: Trip.org | R18: 301400 | T18: =R18*O18 -> 301400
B19: 7 | C19: Mobilisasi dan Demobilisasi Pekerja dari Semarang ke FT Maos | O19: 1 | P19: Trip.org | R19: 287580 | T19: =R19*O19 -> 287580
B20: 8 | C20: Mobilisasi dan Demobilisasi Pekerja dari Semarang ke FT Lomanis - Booster Kutowinangun | O20: 1 | P20: Trip.org | R20: 301400 | T20: =R20*O20 -> 301400
B21: 9 | C21: Mobilisasi dan Demobilisasi Pekerja dari Semarang ke AT Yogyakarta International Airport | O21: 1 | P21: Trip.org | R21: 259720 | T21: =R21*O21 -> 259720
B22: 10 | C22: Mobilisasi dan Demobilisasi Pekerja dari Semarang ke FT Rewulu | O22: 1 | P22: Trip.org | R22: 259720 | T22: =R22*O22 -> 259720
B23: 11 | C23: Mobilisasi dan Demobilisasi Pekerja dari Semarang ke AT Adi Sucipto | O23: 1 | P23: Trip.org | R23: 259720 | T23: =R23*O23 -> 259720
B24: 12 | C24: Mobilisasi dan Demobilisasi Pekerja dari Semarang ke AT Adi Soemarmo | O24: 1 | P24: Trip.org | R24: 242060 | T24: =R24*O24 -> 242060
B25: 13 | C25: Mobilisasi dan Demobilisasi Pekerja dari Semarang ke FT Boyolali | O25: 1 | P25: Trip.org | R25: 242060 | T25: =R25*O25 -> 242060
B26: 14 | C26: Mobilisasi dan Demobilisasi Pekerja dari Semarang ke FT Boyolali - Cepu | O26: 1 | P26: Trip.org | R26: 296470 | T26: =R26*O26 -> 296470
B27: 15 | C27: Mobilisasi Material dan Peralatan dari Semarang ke FT Tegal | O27: 1 | P27: kg | R27: 537.07 | T27: =R27*O27 -> 537.07
... B76: 64 | C76: Mobilisasi Material dan Peralatan dengan Trailer dari Luar Jateng & DIY ke FT Boyolali-Cepu | O76: 1 | P76: Trip | R76: 8369190 | T76: =R76*O76 -> 8369190
B77: 65 | C77: Penyediaan Peralatan Kerja dan Sarfas HSSE untuk Kontruksi :
B78: a. | C78: Sewa Blower Explossion Proof Portable | O78: 1 | P78: UD | R78: 22747.06 | T78: =R78*O78 -> 22747.06
B79: b. | C79: Sewa Pompa Air Mesin Diesel 5 kW | O79: 1 | P79: UD | R79: 669010 | T79: =R79*O79 -> 669010
B80: c. | C80: Sewa Genset 10 kVA, include BBM, Pelumas, Operator dan Maintenance | O80: 1 | P80: UD | R80: 2292980 | T80: =R80*O80 -> 2292980
B81: d. | C81: Sewa Genset 5 kVA, include BBM, Pelumas, Operator dan Maintenance | O81: 1 | P81: UD | R81: 1966320 | T81: =R81*O81 -> 1966320
B82: e. | C82: Sewa Gas Tester | O82: 1 | P82: UD | R82: 135680 | T82: =R82*O82 -> 135680
B83: f. | C83: Sewa Lampu Penerangan (Explosion Proof Lamp) min. 100 Watt | O83: 1 | P83: UD | R83: 38650 | T83: =R83*O83 -> 38650
B84: g. | C84: Sewa Welding Habitat | O84: 1 | P84: unit | R84: 5558430 | T84: =R84*O84 -> 5558430
B85: h. | C85: Pembuatan Tirai Air include air tawar inc peralatan (Selang & tools) | O85: 1 | P85: m2 | R85: 506100 | T85: =R85*O85 -> 506100
B86: i. | C86: Sewa Selang (Composite Hose) size 2,5" x9m | O86: 1 | P86: UD | R86: 43870 | T86: =R86*O86 -> 43870
B87: j. | C87: Sewa Selang (Composite Hose) size 3" x9m | O87: 1 | P87: UD | R87: 52640 | T87: =R87*O87 -> 52640
B88: k. | C88: Sewa Selang (Composite Hose) size 4" x9m | O88: 1 | P88: UD | R88: 61420 | T88: =R88*O88 -> 61420
B89: l. | C89: Sewa Wind Barrier untuk Outer Roof & Shell Tangki | O89: 1 | P89: m2 | R89: 58210 | T89: =R89*O89 -> 58210
... B93: p. | C93: Sewa Kompresor | O93: 1 | P93: UD | R93: 326920 | T93: =R93*O93 -> 326920
B95: 66 | C95: Sewa Peralatan Purging N2
B96: a. | C96: Isotank 14 Ton atau Setara, 1 Unit | O96: 1 | P96: UD | R96: 3200000 | T96: =R96*O96 -> 3200000
B97: b. | C97: Evaporator @1.000 Nm³/Hr, MP, 1 Unit | O97: 1 | P97: UD | R97: 1600000 | T97: =R97*O97 -> 1600000
B98: c. | C98: Manifold & Aksesoris, 1 Set | O98: 1 | P98: UD | R98: 500000 | T98: =R98*O98 -> 500000
B99: d. | C99: Flexible Hose, 1 Set, 100 Meter | O99: 1 | P99: UD | R99: 500000 | T99: =R99*O99 -> 500000
B100: e. | C100: Central Regulator, 1 Unit | O100: 1 | P100: UD | R100: 1000000 | T100: =R100*O100 -> 1000000
B101: f. | C101: Consumable Material (Mur, Baut, Packing, Shock Drat, Tee) SS | O101: 1 | P101: Ls | R101: 1000000 | T101: =R101*O101 -> 1000000
B102: g. | C102: O2 Detector, 1 Unit | O102: 1 | P102: UD | R102: 1500000 | T102: =R102*O102 -> 1500000
B103: h. | C103: Dew Point Meter, 1 Unit | O103: 1 | P103: UD | R103: 1500000 | T103: =R103*O103 -> 1500000
B105: 67 | C105: Sewa Peralatan Pendukung Perbaikan & Perawatan
B106: a. | C106: Crane 25 Ton inc BBM diluar Operator | O106: 1 | P106: UD | R106: 8732270 | T106: =R106*O106 -> 8732270
B107: b. | C107: Crane 10 Ton inc BBM diluar Operator | O107: 1 | P107: UD | R107: 6500000 | T107: =R107*O107 -> 6500000
B108: c. | C108: Crane 5 Ton inc BBM diluar Operator | O108: 1 | P108: UD | R108: 5000000 | T108: =R108*O108 -> 5000000
B109: d. | C109: Mesin Roll | O109: 1 | P109: UD | R109: 2199760 | T109: =R109*O109 -> 2199760
B110: e. | C110: Perahu | O110: 1 | P110: UD | R110: 200000 | T110: =R110*O110 -> 200000
B111: f. | C111: Sewa Scafolding tubular pipe incld. platform pijakan include Scaffolder (1,7 m x 1,7m) | O111: 1 | P111: Set/Month | R111: 180000 | T111: =R111*O111 -> 180000
B113: 68 | C113: Project Management (Kualifikasi dan Jumlah Personil sesuai dengan Kriteria Evaluasi Teknis dalam RKS)
B114: a. | C114: Project Manager | O114: 1 | P114: MD | R114: 1216440 | T114: =R114*O114 -> 1216440
B115: b. | C115: Site Manager | O115: 1 | P115: MD | R115: 1099330 | T115: =R115*O115 -> 1099330
B116: c. | C116: Civil Engineer | O116: 1 | P116: MD | R116: 1040770 | T116: =R116*O116 -> 1040770
B117: d. | C117: Piping Engineer | O117: 1 | P117: MD | R117: 1040770 | T117: =R117*O117 -> 1040770
B118: e. | C118: Electrical Engineer | O118: 1 | P118: MD | R118: 1040770 | T118: =R118*O118 -> 1040770
B119: f. | C119: Instrument Engineer | O119: 1 | P119: MD | R119: 1040770 | T119: =R119*O119 -> 1040770
B120: g. | C120: Mechanical Engineer | O120: 1 | P120: MD | R120: 1040770 | T120: =R120*O120 -> 1040770
B121: h. | C121: Safetyman | O121: 1 | P121: MD | R121: 487330 | T121: =R121*O121 -> 487330
B122: i. | C122: Inspektor Tangki Penimbun | O122: 1 | P122: MD | R122: 487330 | T122: =R122*O122 -> 487330
B123: j. | C123: Surveyor | O123: 1 | P123: MD | R123: 460880 | T123: =R123*O123 -> 460880
B124: k. | C124: Drafter | O124: 1 | P124: MD | R124: 487330 | T124: =R124*O124 -> 487330
B125: l. | C125: Document Control | O125: 1 | P125: MD | R125: 279550 | T125: =R125*O125 -> 279550
... B131: r. | C131: Driver | O131: 1 | P131: MD | R131: 184340 | T131: =R131*O131 -> 184340
B133: 69 | C133: Jasa Kerja Maintenance dan Perawatan Harian
B134: a. | C134: Pengawas Kerja Harian | O134: 1 | P134: MD | R134: 247020 | T134: =R134*O134 -> 247020
B135: b. | C135: Tenaga Kerja Harian | O135: 1 | P135: MD | R135: 184340 | T135: =R135*O135 -> 184340
B137: 70 | C137: Pemenuhan Dokumen Project & Engineering
B138: a. | C138: Shop Drawing & Asbuilt Drawing (1 set/project) | O138: 1 | P138: Set | R138: 1500000 | T138: =R138*O138 -> 1500000
B139: b. | C139: Verifikasi Desain / Calculation Document (1 set/project) | O139: 1 | P139: Set | R139: 750000 | T139: =R139*O139 -> 750000
B140: c. | C140: Spesifikasi / Approval Material (1 set/project) | O140: 1 | P140: Set | R140: 750000 | T140: =R140*O140 -> 750000
B141: d. | C141: Laporan Teknis dan HSSE Bulanan (1 set/project) | O141: 1 | P141: Set | R141: 1500000 | T141: =R141*O141 -> 1500000
B142: e. | C142: Laporan Desain dan Test (1 set/project) | O142: 1 | P142: Set | R142: 750000 | T142: =R142*O142 -> 750000
B143: f. | C143: WPQT include report | O143: 1 | P143: Welder | R143: 7785660 | T143: =R143*O143 -> 7785660
B144: g. | C144: MCU personil | O144: 1 | P144: org | R144: 445120 | T144: =R144*O144 -> 445120
B145: h. | C145: Inspection Report | O145: 1 | P145: Set | R145: 750000 | T145: =R145*O145 -> 750000
B149: II | C149: PEKERJAAN TANK CLEANING
B150: 1 | C150: Pekerjaan Intertank dan Pengosongan Produk di Tangki/Pipa (Metode Intertank Pompa Membrane)
B151: 1.1 | C151: Intertank Produk MDO / MFO | O151: 1 | P151: liter | R151: 463 | T151: =R151*O151 -> 463
B152: 1.2 | C152: Intertank Produk Avtur / Pertalite / Pertamax / Px.Turbo / Solar / Fame / Dex / Dexlite dan lainnya selain MDO/MFO | O152: 1 | P152: liter | R152: 463 | T152: =R152*O152 -> 463
B153: 1.3 | C153: Drain Produk Isi Pipa MDO / MFO | O153: 1 | P153: liter | R153: 463 | T153: =R153*O153 -> 463
B154: 1.4 | C154: Drain Produk Isi Pipa Avtur / Pertalite / Pertamax / Px.Turbo / Solar / Fame / Dex / Dexlite dan lainnya selain MDO/MFO | O154: 1 | P154: liter | R154: 463 | T154: =R154*O154 -> 463
B155: 1.5 | C155: Pemindahan drum isi produk ex drain ke sumptank | O155: 1 | P155: liter | R155: 178 | T155: =R155*O155 -> 178
B156: 1.6 | C156: Pekerjaan Pengosongan Gas LPG | O156: 1 | P156: MT | R156: 146246 | T156: =R156*O156 -> 146246
B157: 1.7 | C157: Drain produk isi pipa inlet atau outlet untuk pemasangan blind flange isolation | O157: 1 | P157: liter | R157: 463 | T157: =R157*O157 -> 463
B158: 1.8 | C158: Pemindahan drum isi produk ex drain ke sumptank | O158: 1 | P158: liter | R158: 178 | T158: =R158*O158 -> 178
B159: 2 | C159: Pekerjaan Cleaning Tangki Timbun
B160: 2.1 | C160: Cleaning Sludge kedalam karung, include handling pemindahan ke drying bed | O160: 1 | P160: liter | R160: 178 | T160: =R160*O160 -> 178
B161: 2.2 | C161: Cleaning Sludge kedalam drum, include handling pemindahan ke drying bed | O161: 1 | P161: liter | R161: 178 | T161: =R161*O161 -> 178
B162: 2.3 | C162: Pekerjaan Free Gas Tangki Timbun incl report | O162: 1 | P162: Day | R162: 501841 | T162: =R162*O162 -> 501841
B163: 2.4 | C163: Pengerokan kerak dalam tangki sisa sludge | O163: 1 | P163: m² | R163: 19706 | T163: =R163*O163 -> 19706
B164: 2.5 | C164: Pembilasan bottom & shell tank inner | O164: 1 | P164: m² | R164: 19784 | T164: =R164*O164 -> 19784
B165: 2.6 | C165: Pencucian tangki timbun (diluar material air, solven dan sabun) | O165: 1 | P165: m² | R165: 25956 | T165: =R165*O165 -> 25956
B166: 3 | C166: Pekerjaan Selesai Cleaning
B167: 3.1 | C167: Pekerjaan Jasa Purging & Pengisian N2 ke tangki timbun/pipa | O167: 1 | P167: UD | R167: 1157700 | T167: =R167*O167 -> 1157700
B168: 3.2 | C168: Pengawasan Pengisian Produk BBM / LPG | O168: 1 | P168: UD | R168: 501840 | T168: =R168*O168 -> 501840
...

Sheet master material
B3: BILL OF QUANTITY (BoQ) MATERIAL UTAMA
B5: Pekerjaan | F5: : | G5: Kontrak Payung Cleaning, Coating Dan Perbaikan Tangki Timbun dan Perpipaan Regional JBT
B6: Lokasi | F6: : | G6: All
B7: Mata Anggaran | F7: : | G7: ABO
B8: Project Owner | F8: : | G8: S&D Regional JBT
B10: No. | C10: URAIAN PEKERJAAN | H10: VOLUME | J10: HARGA SATUAN (Rp) | L10: JUMLAH HARGA (Rp)
J11: MATERIAL | K11: JASA | L11: MATERIAL | M11: JASA
B12: I | C12: STEEL PLATE
B13: 1 | C13: Steel Plate ASTM A283 Gr.C
B14: 1.1 | C14: Plate 6 mm ASTM A283 Gr.C | H14: 1 | I14: Kg | J14: 14260 | L14: =H14*J14 -> 14260
B15: 1.2 | C15: Plate 8 mm ASTM A283 Gr.C | H15: 1 | I15: Kg | J15: 12835 | L15: =H15*J15 -> 12835
B16: 1.3 | C16: Plate 10 mm ASTM A283 Gr.C | H16: 1 | I16: Kg | J16: 12770 | L16: =H16*J16 -> 12770
B17: 1.4 | C17: Plate 12 mm ASTM A283 Gr.C | H17: 1 | I17: Kg | J17: 12737 | L17: =H17*J17 -> 12737
B18: 1.5 | C18: Plate 14 mm ASTM A283 Gr.C | H18: 1 | I18: Kg | J18: 12737 | L18: =H18*J18 -> 12737
B19: 1.6 | C19: Plate 16 mm ASTM A283 Gr.C | H19: 1 | I19: Kg | J19: 12737 | L19: =H19*J19 -> 12737
B20: 1.7 | C20: Plate 18 mm ASTM A283 Gr.C | H20: 1 | I20: Kg | J20: 12737 | L20: =H20*J20 -> 12737
B21: 1.8 | C21: Plate 20 mm ASTM A283 Gr.C | H21: 1 | I21: Kg | J21: 12737 | L21: =H21*J21 -> 12737
B22: 1.9 | C22: Plate 22 mm ASTM A283 Gr.C | H22: 1 | I22: Kg | J22: 13361 | L22: =H22*J22 -> 13361
B23: 1.10 | C23: Plate 24 mm ASTM A283 Gr.C | H23: 1 | I23: Kg | J23: 13361 | L23: =H23*J23 -> 13361
B24: 1.11 | C24: Plate 26 mm ASTM A283 Gr.C | H24: 1 | I24: Kg | J24: 13361 | L24: =H24*J24 -> 13361
B25: 1.12 | C25: Plate 28 mm ASTM A283 Gr.C | H25: 1 | I25: Kg | J25: 13361 | L25: =H25*J25 -> 13361
... B30: 1.17 | C30: Plate 38 mm ASTM A283 Gr.C | H30: 1 | I30: Kg | J30: 12780 | L30: =H30*J30 -> 12780
B31: 2 | C31: Steel Plate ASTM A36
B32: 2.1 | C32: Plate 6 mm ASTM A36 | H32: 1 | I32: Kg | J32: 13728 | L32: =H32*J32 -> 13728
B33: 2.2 | C33: Plate 8 mm ASTM A36 | H33: 1 | I33: Kg | J33: 12603 | L33: =H33*J33 -> 12603
B34: 2.3 | C34: Plate 10 mm ASTM A36 | H34: 1 | I34: Kg | J34: 12603 | L34: =H34*J34 -> 12603
B35: 2.4 | C35: Plate 12 mm ASTM A36 | H35: 1 | I35: Kg | J35: 12570 | L35: =H35*J35 -> 12570
B36: 2.5 | C36: Plate 14 mm ASTM A36 | H36: 1 | I36: Kg | J36: 12570 | L36: =H36*J36 -> 12570
B37: 2.6 | C37: Plate 16 mm ASTM A36 | H37: 1 | I37: Kg | J37: 12605 | L37: =H37*J37 -> 12605
B38: 2.7 | C38: Plate 18 mm ASTM A36 | H38: 1 | I38: Kg | J38: 12605 | L38: =H38*J38 -> 12605
B39: 2.8 | C39: Plate 20 mm ASTM A36 | H39: 1 | I39: Kg | J39: 12605 | L39: =H39*J39 -> 12605
B40: 2.9 | C40: Plate 22 mm ASTM A36 | H40: 1 | I40: Kg | J40: 12605 | L40: =H40*J40 -> 12605
B41: 2.10 | C41: Plate 24 mm ASTM A36 | H41: 1 | I41: Kg | J41: 12605 | L41: =H41*J41 -> 12605
B42: 2.11 | C42: Plate 26 mm ASTM A36 | H42: 1 | I42: Kg | J42: 12605 | L42: =H42*J42 -> 12605
B43: 2.12 | C43: Plate 28 mm ASTM A36 | H43: 1 | I43: Kg | J43: 12605 | L43: =H43*J43 -> 12605
... B48: 2.17 | C48: Plate 38 mm ASTM A36 | H48: 1 | I48: Kg | J48: 12210 | L48: =H48*J48 -> 12210
B52: II | C52: PIPA CARBON STEEL - ERW
B53: 1 | C53: Steel Pipe ERW API 5L Grade B Sch 40
B54: 1.4 | C54: Pipa API 5L grade B Ø 2" Sch. 40 | H54: 1 | I54: m | J54: 188610 | L54: =H54*J54 -> 188610
B55: 1.5 | C55: Pipa API 5L grade B Ø 2,5" Sch. 40 | H55: 1 | I55: m | J55: 302100 | L55: =H55*J55 -> 302100
B56: 1.6 | C56: Pipa API 5L grade B Ø 3" Sch. 40 | H56: 1 | I56: m | J56: 391420 | L56: =H56*J56 -> 391420
B57: 1.7 | C57: Pipa API 5L grade B Ø 4" Sch. 40 | H57: 1 | I57: m | J57: 562790 | L57: =H57*J57 -> 562790
B58: 1.8 | C58: Pipa API 5L grade B Ø 6" Sch. 40 | H58: 1 | I58: m | J58: 995160 | L58: =H58*J58 -> 995160
B59: 1.9 | C59: Pipa API 5L grade B Ø 8" Sch. 40 | H59: 1 | I59: m | J59: 1497930 | L59: =H59*J59 -> 1497930
B60: 1.10 | C60: Pipa API 5L grade B Ø 10" Sch. 40 | H60: 1 | I60: m | J60: 2134130 | L60: =H60*J60 -> 2134130
B61: 1.11 | C61: Pipa API 5L grade B Ø 12" Sch. 40 | H61: 1 | I61: m | J61: 2820950 | L61: =H61*J61 -> 2820950
B62: 1.12 | C62: Pipa API 5L grade B Ø 14" Sch. 40 | H62: 1 | I62: m | J62: 3404000 | L62: =H62*J62 -> 3404000
B63: 1.13 | C63: Pipa API 5L grade B Ø 16" Sch. 40 | H63: 1 | I63: m | J63: 4439000 | L63: =H63*J63 -> 4439000
B64: 1.14 | C64: Pipa API 5L grade B Ø 20" Sch. 40 | H64: 1 | I64: m | J64: 6481420 | L64: =H64*J64 -> 6481420
B65: 1.15 | C65: Pipa API 5L grade B Ø 24" Sch. 40 | H65: 1 | I65: m | J65: 7432660 | L65: =H65*J65 -> 7432660
B66: 2 | C66: Steel Pipe, ERW, ASTM A53 Grade B Sch 40
B67: 2.1 | C67: Pipa ASTM A53 Grade B Ø 3/4" Sch. 40 | H67: 1 | I67: m | J67: 51130 | L67: =H67*J67 -> 51130
B68: 2.2 | C68: Pipa ASTM A53 Grade B Ø 1" Sch. 40 | H68: 1 | I68: m | J68: 74170 | L68: =H68*J68 -> 74170
B69: 2.3 | C69: Pipa ASTM A53 Grade B Ø 1,5" Sch. 40 | H69: 1 | I69: m | J69: 122530 | L69: =H69*J69 -> 122530
B70: 2.4 | C70: Pipa ASTM A53 Grade B Ø 2" Sch. 40 | H70: 1 | I70: m | J70: 169080 | L70: =H70*J70 -> 169080
B71: 2.5 | C71: Pipa ASTM A53 Grade B Ø 2,5" Sch. 40 | H71: 1 | I71: m | J71: 261100 | L71: =H71*J71 -> 261100
B72: 2.6 | C72: Pipa ASTM A53 Grade B Ø 3" Sch. 40 | H72: 1 | I72: m | J72: 351030 | L72: =H72*J72 -> 351030
B73: 2.7 | C73: Pipa ASTM A53 Grade B Ø 4" Sch. 40 | H73: 1 | I73: m | J73: 565460 | L73: =H73*J73 -> 565460
B74: 2.8 | C74: Pipa ASTM A53 Grade B Ø 6" Sch. 40 | H74: 1 | I74: m | J74: 1008660 | L74: =H74*J74 -> 1008660
B75: 2.9 | C75: Pipa ASTM A53 Grade B Ø 8" Sch. 40 | H75: 1 | I75: m | J75: 1518000 | L75: =H75*J75 -> 1518000
B76: 2.10 | C76: Pipa ASTM A53 Grade B Ø 10" Sch. 40 | H76: 1 | I76: m | J76: 2152000 | L76: =H76*J76 -> 2152000
B77: 2.11 | C77: Pipa ASTM A53 Grade B Ø 12" Sch. 40 | H77: 1 | I77: m | J77: 2844330 | L77: =H77*J77 -> 2844330
B78: 2.12 | C78: Pipa ASTM A53 Grade B Ø 14" Sch. 40 | H78: 1 | I78: m | J78: 3344920 | L78: =H78*J78 -> 3344920
... B81: 2.15 | C81: Pipa ASTM A53 Grade B Ø 24" Sch. 40 | H81: 1 | I81: m | J81: 7432660 | L81: =H81*J81 -> 7432660
B82: 3 | C82: Steel Pipe, ERW, ASTM A53 Grade A Sch 40
B83: 3.2 | C83: Pipa ASTM A53 Grade A Ø 1" Sch. 40 | H83: 1 | I83: m | J83: 53630 | L83: =H83*J83 -> 53630
B84: 3.3 | C84: Pipa ASTM A53 Grade A Ø 1,5" Sch. 40 | H84: 1 | I84: m | J84: 87080 | L84: =H84*J84 -> 87080
B85: 3.4 | C85: Pipa ASTM A53 Grade A Ø 2" Sch. 40 | H85: 1 | I85: m | J85: 139700 | L85: =H85*J85 -> 139700
B86: 3.5 | C86: Pipa ASTM A53 Grade A Ø 2,5" Sch. 40 | H86: 1 | I86: m | J86: 185180 | L86: =H86*J86 -> 185180
B87: 3.6 | C87: Pipa ASTM A53 Grade A Ø 3" Sch. 40 | H87: 1 | I87: m | J87: 290100 | L87: =H87*J87 -> 290100
B88: 3.7 | C88: Pipa ASTM A53 Grade A Ø 4" Sch. 40 | H88: 1 | I88: m | J88: 452050 | L88: =H88*J88 -> 452050
B89: 3.8 | C89: Pipa ASTM A53 Grade A Ø 6" Sch. 40 | H89: 1 | I89: m | J89: 923490 | L89: =H89*J89 -> 923490
B90: 3.9 | C90: Pipa ASTM A53 Grade A Ø 8" Sch. 40 | H90: 1 | I90: m | J90: 1390200 | L90: =H90*J90 -> 1390200
B91: 3.10 | C91: Pipa ASTM A53 Grade A Ø 10" Sch. 40 | H91: 1 | I91: m | J91: 1969970 | L91: =H91*J91 -> 1969970
B92: 3.11 | C92: Pipa ASTM A53 Grade A Ø 12" Sch. 40 | H92: 1 | I92: m | J92: 2604390 | L92: =H92*J92 -> 2604390
B93: 3.12 | C93: Pipa ASTM A53 Grade A Ø 14" Sch. 40 | H93: 1 | I93: m | J93: 2690700 | L93: =H93*J93 -> 2690700
B94: 3.13 | C94: Pipa ASTM A53 Grade A Ø 16" Sch. 40 | H94: 1 | I94: m | J94: 4027970 | L94: =H94*J94 -> 4027970
... B96: 3.15 | C96: Pipa ASTM A53 Grade A Ø 24" Sch. 40 | H96: 1 | I96: m | J96: 7662300 | L96: =H96*J96 -> 7662300
B97: 4 | C97: Steel Pipe ERW API 5L Grade B Sch. 80 | J97: 0
B98: 4.8 | C98: Pipa API 5L grade B Ø 6" Sch. 80 | H98: 1 | I98: m | J98: 1310890 | L98: =H98*J98 -> 1310890
B99: 4.9 | C99: Pipa API 5L grade B Ø 8" Sch. 80 | H99: 1 | I99: m | J99: 1750870 | L99: =H99*J99 -> 1750870
B100: 5 | C100: Steel Pipe ERW API 5L Grade B Sch 40 dengan Coating 3LPE | J100: 0
B101: 5.8 | C101: Pipa API 5L grade B Ø 6" Sch. 40 dengan Coating 3LPE | H101: 1 | I101: m | J101: 1122900 | L101: =H101*J101 -> 1122900
B102: 5.9 | C102: Pipa API 5L grade B Ø 8" Sch. 40 dengan Coating 3LPE | H102: 1 | I102: m | J102: 1664570 | L102: =H102*J102 -> 1664570
B103: 5.10 | C103: Pipa API 5L grade B Ø 10" Sch. 40 dengan Coating 3LPE | H103: 1 | I103: m | J103: 1974130 | L103: =H103*J103 -> 1974130
B104: 5.11 | C104: Pipa API 5L grade B Ø 12" Sch. 40 dengan Coating 3LPE | H104: 1 | I104: m | J104: 3053250 | L104: =H104*J104 -> 3053250
B105: 5.12 | C105: Pipa API 5L grade B Ø 14" Sch. 40 dengan Coating 3LPE | H105: 1 | I105: m | J105: 3599370 | L105: =H105*J105 -> 3599370
B106: 5.13 | C106: Pipa API 5L grade B Ø 16" Sch. 40 dengan Coating 3LPE | H106: 1 | I106: m | J106: 4650890 | L106: =H106*J106 -> 4650890
B107: 6 | C107: Steel Pipe ERW API 5L Grade B Sch 40 dengan Internal Coating (Aviation) | J107: 0
B108: 6.2 | C108: Pipa API 5L grade B Ø 6" Sch. 40 dengan Internal Coating Phenolic Epoxy 350 mc | H108: 1 | I108: m | J108: 1480430 | L108: =H108*J108 -> 1480430
B109: 6.3 | C109: Pipa API 5L grade B Ø 8" Sch. 40 dengan Internal Coating Phenolic Epoxy 350 mc | H109: 1 | I109: m | J109: 1995600 | L109: =H109*J109 -> 1995600
B110: 6.4 | C110: Pipa API 5L grade B Ø 10" Sch. 40 dengan Internal Coating Phenolic Epoxy 350 mc | H110: 1 | I110: m | J110: 2740180 | L110: =H110*J110 -> 2740180
B111: 6.5 | C111: Pipa API 5L grade B Ø 12" Sch. 40 dengan Internal Coating Phenolic Epoxy 350 mc | H111: 1 | I111: m | J111: 3621540 | L111: =H111*J111 -> 3621540
B112: 6.6 | C112: Pipa API 5L grade B Ø 14" Sch. 40 dengan Internal Coating Phenolic Epoxy 350 mc | H112: 1 | I112: m | J112: 4055740 | L112: =H112*J112 -> 4055740
B113: 6.7 | C113: Pipa API 5L grade B Ø 16" Sch. 40 dengan Internal Coating Phenolic Epoxy 350 mc | H113: 1 | I113: m | J113: 5244050 | L113: =H113*J113 -> 5244050
B117: III | C117: PIPA STAINLESS STEEL
B118: 1 | C118: PIPA STAINLESS STEEL SCH 40
B119: 1.1 | C119: Pipa Stainless Steel Ø 1/2" Sch 40 | H119: 1 | I119: m | J119: 100962 | L119: =H119*J119 -> 100962
B120: 1.2 | C120: Pipa Stainless Steel Ø 3/4" Sch 40 | H120: 1 | I120: m | J120: 133767 | L120: =H120*J120 -> 133767
B121: 1.3 | C121: Pipa Stainless Steel Ø 1" Sch 40 | H121: 1 | I121: m | J121: 199080 | L121: =H121*J121 -> 199080
...
